Machine Idle,Shift,Supervisor,Operator,Loading Temp (°C),Loading Pressure (kg/cm2),Loading Duration (HH:MM),Close Top Door Temp (°C),Close Top Door Pressure (kg/cm2),Heat Valve Open Temp (°C),Heat Valve Open Pressure (kg/cm2),Steam Valve Open Temp (°C),Steam Valve Open Pressure (kg/cm2),Steam Valve Close Temp (°C),Steam Valve Close Pressure (kg/cm2),Heat Valve Close Temp (°C),Heat Valve Close Pressure (kg/cm2),Low TF Temp Duration(Mins) (Below 260°C),Cooking Duration (HH:MM),Cooling Valve Open Temp(°C),Cooling Valve Open Pressure (kg/cm2),Cooling Valve Close Temp(°C),Cooling Valve Close Pressure (kg/cm2),Cooling Duration (HH:MM),Bottom Door Open Temp(°C),Bottom Door Open Pressure (kg/cm2),Unload Complete Temp(°C),Unload Complete Pressure (kg/cm2),Unloading Duration (HH:MM),Bottom Door Close Temp(°C),Bottom Door Close Pressure (kg/cm2),Customer,Standard Batch Duration(Hrs),Actual Batch Duration (Mins)
0,Shift 2,Gadagi,Dhasade,112.0,0.06,112.0,107.0,0.09,100.0,0.1,101,0.72,123,4.36,221,6.35,172,235.0,210,0.32,106.0,0.05,0.0,112,0.25,110.0,0.2,28.0,110.0,0.2,Pirelli,5,343
0,Shift 1,Kamlakar,Dixit,101.0,0.08,101.0,96.0,0.09,94.0,0.04,93,0.42,124,4.26,218,13.97,260,260.0,204,0.41,,,0.0,101,0.1,101.0,0.1,0.0,101.0,0.1,Pirelli,5,333
0,Shift 3,Tikore,Methre,118.0,0.12,118.0,107.0,0.07,107.0,0.06,99,0.47,130,5.23,222,14.51,257,257.0,218,2.67,99.0,0.07,0.0,101,0.07,98.0,0.08,49.0,98.0,0.08,Pirelli,5,380
0,Shift 2,Gadagi,Dhasade,109.0,0.12,109.0,109.0,0.12,97.0,0.09,104,0.51,136,5.36,224,15.0,229,239.0,219,2.01,97.0,0.13,0.0,113,0.08,109.0,0.12,26.0,109.0,0.12,Pirelli,5,359
0,Shift 3,Tikore,Methre,,,0.0,115.0,0.32,113.0,0.27,106,0.31,142,7.49,221,14.81,231,231.0,214,2.16,112.0,0.08,0.0,104,0.07,111.0,0.1,33.0,111.0,0.1,Pirelli,5,363
0,Shift 1,Rangrez,Dixit,104.0,0.04,104.0,104.0,0.08,103.0,0.02,101,0.41,134,5.69,220,15.05,264,264.0,202,0.46,,,0.0,100,0.06,103.0,0.06,27.0,103.0,0.06,Pirelli,5,377
0,Shift 3,Tikore,shinde,,,0.0,,,,,98,0.12,143,5.55,223,13.21,265,265.0,222,13.25,,,0.0,106,0.31,99.0,0.12,33.0,99.0,0.12,Pirelli,5,364
0,Shift 3,Tikore,shinde,119.0,0.08,119.0,108.0,0.09,106.0,0.11,102,0.14,132,5.36,221,15.7,260,260.0,203,0.21,,,0.0,114,0.17,101.0,0.18,41.0,101.0,0.18,Pirelli,5,419
0,Shift 2,Gadagi,Dixit,,,0.0,116.0,0.07,116.0,0.1,99,0.07,136,6.43,220,13.89,251,251.0,212,0.64,116.0,0.11,0.0,108,0.12,112.0,0.02,38.0,112.0,0.02,Pirelli,5,414
0,Shift 1,Rangrez,Dhasade,,,0.0,,,,,100,0.11,125,4.32,223,13.96,247,247.0,213,0.66,,,0.0,105,0.14,111.0,0.14,42.0,111.0,0.14,Pirelli,5,348
0,Shift 3,Tikore,shinde,118.0,0.1,118.0,104.0,0.14,104.0,0.07,101,0.08,142,8.16,221,11.61,240,261.0,221,10.64,104.0,0.11,0.0,166,0.13,,,52.0,,,Pirelli,5,390
0,Shift 2,Kamlakar,Dhasade,110.0,0.07,110.0,91.0,0.06,89.0,0.04,96,0.11,120,4.14,216,0.81,262,264.0,216,0.87,216.0,0.87,0.0,132,0.15,115.0,0.16,40.0,115.0,0.16,Pirelli,5,376
0,Shift 1,Rangrez,Methre,104.0,0.05,104.0,89.0,0.05,82.0,0.04,93,0.51,130,6.52,225,15.55,233,253.0,219,1.77,,,0.0,109,0.09,,,35.0,,,Pirelli,5,368
0,Shift 1,Rangrez,Methre,,,0.0,,,,,96,0.85,125,4.24,220,1.08,188,245.0,220,0.63,100.0,0.07,0.0,102,0.08,97.0,0.05,36.0,97.0,0.05,Pirelli,5,341
1,Shift 3,Tikore,shinde,98.0,0.03,98.0,98.0,0.04,97.0,0.01,96,0.26,122,4.29,221,7.44,235,251.0,221,8.42,,,0.0,102,0.04,,,30.0,,,Pirelli,5,378
0,Shift 2,Kamlakar,Dixit,104.0,0.03,104.0,98.0,0.04,97.0,0.08,92,0.37,125,4.86,220,11.97,214,255.0,208,0.15,,,0.0,100,0.07,103.0,0.04,35.0,103.0,0.04,Sumo Tumo,5,365
0,Shift 1,Rangrez,Methre,107.0,0.2,107.0,94.0,0.13,93.0,0.13,91,0.26,124,5.44,222,15.35,230,270.0,220,2.44,,,0.0,100,0.04,102.0,0.09,30.0,102.0,0.09,Alfredo,5,386
0,Shift 3,Tikore,Dhasade,107.0,0.15,107.0,106.0,0.15,92.0,0.12,99,0.15,141,4.53,220,8.73,220,248.0,216,2.17,92.0,0.13,0.0,106,0.17,106.0,0.18,49.0,106.0,0.18,Pirelli,5,400
0,Shift 1,Shille,Methre,120.0,0.13,120.0,111.0,0.14,110.0,0.19,97,0.16,127,4.97,225,14.86,256,256.0,221,3.44,110.0,0.17,0.0,98,0.04,93.0,0.07,42.0,93.0,0.07,Alfredo,5,400
0,Shift 3,Gadagi,Dhasade,110.0,0.05,110.0,104.0,,103.0,,101,0.08,143,6.5,223,14.16,215,241.0,206,0.57,103.0,0.01,0.0,116,0.07,114.0,0.15,27.0,114.0,0.15,Pirelli,5,353
0,Shift 2,Kamlakar,Dixit,102.0,0.1,102.0,96.0,0.05,94.0,0.08,95,0.13,130,0.14,223,14.22,181,228.0,205,0.09,102.0,0.1,0.0,104,0.05,,,31.0,,,Pirelli,5,338
0,Shift 2,Kamlakar,Dixit,94.0,0.08,94.0,88.0,0.03,87.0,0.03,87,0.04,118,4.2,224,13.34,207,250.0,220,0.94,,,0.0,100,0.11,96.0,0.07,44.0,96.0,0.07,Pirelli,5,411
0,Shift 1,Rangrez,Methre,118.0,0.09,118.0,105.0,0.14,104.0,0.1,92,0.12,122,4.53,224,13.07,195,249.0,220,1.14,104.0,0.1,0.0,99,0.1,90.0,0.06,34.0,90.0,0.06,Alfredo,5,395
0,Shift 2,Gadagi,Dixit,89.0,0.08,89.0,82.0,0.05,86.0,0.08,95,0.53,133,5.61,221,13.99,260,260.0,202,0.37,86.0,0.12,0.0,102,0.05,,,25.0,,,Pirelli,5,405
0,Shift 3,Tikore,Dhasade,99.0,0.15,99.0,99.0,0.15,96.0,0.09,98,0.29,138,6.04,222,15.52,255,255.0,215,1.8,100.0,2.23,0.0,99,0.07,99.0,0.15,46.0,99.0,0.15,Pirelli,5,388
0,Shift 2,Gadagi,Dixit,90.0,0.12,90.0,90.0,0.14,89.0,0.14,91,0.13,117,3.96,221,15.96,278,278.0,199,0.23,,,0.0,101,0.01,106.0,0.02,33.0,106.0,0.02,Other,5,384
0,Shift 1,Gadagi,Methre,105.0,0.09,105.0,96.0,0.1,94.0,0.06,87,0.21,108,3.29,223,16.06,266,266.0,220,8.95,95.0,0.08,0.0,101,0.09,94.0,0.08,30.0,94.0,0.08,Other,5,379
0,Shift 3,Kamlakar,Dhasade,96.0,,96.0,96.0,0.04,95.0,0.04,92,0.09,143,7.26,221,16.56,271,271.0,215,1.47,95.0,0.02,0.0,100,0.05,99.0,0.08,30.0,99.0,0.08,Pirelli,5,378
0,Shift 3,Kamlakar,Dhasade,89.0,0.03,89.0,84.0,0.08,83.0,0.03,95,0.51,147,7.69,220,14.53,258,262.0,216,1.68,,,0.0,105,0.08,112.0,0.02,34.0,112.0,0.02,Pirelli,5,370
0,Shift 2,Gadagi,Methre,112.0,,112.0,99.0,0.05,96.0,0.02,99,0.57,127,5.51,221,13.96,250,250.0,219,3.59,,,0.0,99,0.04,92.0,0.03,42.0,92.0,0.03,Pirelli,5,398
0,Shift 2,Gadagi,Methre,,,0.0,,,,,88,0.09,135,5.87,224,14.27,249,249.0,223,14.32,,,0.0,103,0.1,109.0,0.02,47.0,109.0,0.02,Pirelli,5,356
0,Shift 1,Rangrez,shinde,93.0,0.08,93.0,83.0,0.05,82.0,0.13,91,0.86,130,6.57,223,14.0,249,249.0,220,2.97,,,0.0,104,0.07,107.0,,45.0,107.0,,Pirelli,5,378
0,Shift 3,Kamlakar,Methre,97.0,0.03,97.0,86.0,0.11,85.0,0.13,104,1.1,135,6.42,225,12.65,265,265.0,222,2.69,96.0,0.05,0.0,100,0.09,95.0,0.01,39.0,95.0,0.01,Pirelli,5,387
0,Shift 1,Rangrez,Dhasade,,,0.0,,,94.0,0.04,94,0.59,127,5.21,225,14.2,221,254.0,222,2.11,94.0,,0.0,109,0.05,107.0,0.03,28.0,107.0,0.03,Pirelli,5,362
0,Shift 3,Kamlakar,Dhasade,102.0,,102.0,89.0,,87.0,,93,0.47,125,5.39,223,13.54,250,250.0,210,0.06,,,0.0,102,0.04,98.0,0.03,33.0,98.0,0.03,Pirelli,5,359
0,Shift 2,Gadagi,Methre,108.0,,108.0,108.0,,139.0,0.38,138,0.4,150,7.05,217,13.45,363,441.0,204,0.17,111.0,0.06,0.0,134,0.08,110.0,0.06,79.0,110.0,0.06,Pirelli,5,657
0,Shift 2,Other,Methre,105.0,0.07,105.0,94.0,0.08,93.0,0.07,92,0.13,125,4.47,222,10.25,283,283.0,206,0.32,99.0,,0.0,104,0.01,98.0,,26.0,98.0,,Pirelli,5,409
0,Shift 1,Gadagi,Dixit,98.0,0.05,98.0,94.0,0.04,93.0,,87,0.29,123,4.69,223,15.54,226,246.0,208,0.62,,,0.0,102,0.07,,,36.0,,,Pirelli,5,415
0,Shift 2,Other,Methre,93.0,0.03,93.0,92.0,0.04,92.0,0.07,91,0.32,135,5.73,225,16.09,136,245.0,218,1.45,92.0,0.09,0.0,99,0.2,,,33.0,,,Pirelli,5,356
0,Shift 3,Kamlakar,Dixit,,,0.0,,,,,89,0.28,107,3.53,224,15.77,165,243.0,224,15.73,86.0,0.05,0.0,103,0.07,,,30.0,,,Other,5,384
0,Shift 1,Rangrez,Dhasade,106.0,,106.0,98.0,0.02,97.0,0.01,99,0.09,132,4.71,229,14.57,259,259.0,225,1.82,,,0.0,100,0.08,104.0,0.07,26.0,104.0,0.07,Pirelli,5,375
0,Shift 3,Shille,Methre,,,0.0,,,90.0,0.07,97,0.27,143,5.37,228,14.43,249,249.0,225,3.22,101.0,,0.0,104,0.05,100.0,0.02,37.0,100.0,0.02,Pirelli,5,346
0,Shift 3,Gadagi,Methre,,,0.0,,,,,88,0.11,123,4.34,227,13.4,224,247.0,224,6.83,,,0.0,100,0.1,,,26.0,,,Pirelli,5,397
0,Shift 2,Chavan,shinde,95.0,0.1,95.0,95.0,0.1,84.0,0.03,82,0.05,127,4.82,224,14.53,271,271.0,209,0.13,,,0.0,114,0.1,95.0,0.1,37.0,95.0,0.1,Pirelli,5,488
0,Shift 2,Other,Dhasade,99.0,0.08,99.0,88.0,0.07,86.0,0.05,89,0.37,121,4.66,222,14.96,234,234.0,209,0.31,,,0.0,101,0.1,97.0,0.05,54.0,97.0,0.05,Pirelli,5,368
0,Shift 1,Other,Dhasade,,,0.0,,,76.0,0.03,82,0.2,103,3.29,223,15.6,219,239.0,203,0.12,75.0,0.1,0.0,101,0.08,94.0,0.05,35.0,94.0,0.05,Pirelli,5,399
0,Shift 2,Other,Dhasade,94.0,0.07,94.0,83.0,0.07,83.0,0.05,86,0.15,108,5.53,222,13.79,262,262.0,205,0.18,,,0.0,97,0.07,83.0,0.07,30.0,83.0,0.07,Pirelli,5,725
0,Shift 3,Gadagi,Methre,,,0.0,84.0,0.01,84.0,0.01,85,0.11,118,6.0,222,13.82,248,255.0,220,5.93,83.0,0.05,0.0,96,0.08,89.0,0.07,27.0,89.0,0.07,Pirelli,5,405
0,Shift 2,Other,Rajput,86.0,,86.0,86.0,,223.0,11.39,94,0.24,128,8.12,221,11.41,218,240.0,223,11.42,107.0,0.09,0.0,98,0.09,86.0,,29.0,86.0,,Pirelli,5,427
0,Shift 1,Other,Dixit,104.0,0.13,104.0,91.0,0.08,91.0,0.13,94,0.32,120,4.8,219,8.21,252,252.0,206,0.14,91.0,0.06,0.0,100,0.19,99.0,0.09,40.0,99.0,0.09,Other,5,375
0,Shift 1,Other,Dixit,,,0.0,,,97.0,0.13,94,0.15,140,7.53,222,13.79,237,237.0,210,1.24,97.0,0.14,0.0,101,0.13,98.0,0.14,29.0,98.0,0.14,Other,5,366
0,Shift 3,Gadagi,Dhasade,99.0,0.1,99.0,83.0,0.02,81.0,0.08,91,0.56,118,4.38,225,16.08,233,239.0,217,0.8,,,0.0,101,0.14,106.0,0.16,31.0,106.0,0.16,Pirelli,5,356
0,Shift 2,Shille,Other,106.0,0.01,106.0,93.0,0.05,93.0,0.06,98,0.16,147,6.93,224,15.69,175,212.0,222,6.01,93.0,0.06,0.0,104,0.09,92.0,0.11,62.0,92.0,0.11,Pirelli,5,401
0,Shift 1,Other,Dixit,,,0.0,,,82.0,0.09,89,0.07,122,4.0,217,2.5,278,278.0,209,0.18,83.0,0.08,0.0,103,0.08,101.0,0.03,35.0,101.0,0.03,Other,5,389
0,Shift 3,Chavan,Rajput,,,0.0,,,89.0,0.04,93,0.3,122,4.32,219,5.53,280,280.0,217,0.38,,,0.0,107,0.07,86.0,0.05,54.0,86.0,0.05,Pirelli,5,419
0,Shift 2,Other,Swami LM,109.0,0.03,109.0,109.0,0.03,108.0,0.08,106,0.36,121,4.01,223,9.53,247,247.0,217,0.57,104.0,0.02,0.0,100,0.07,104.0,0.04,76.0,104.0,0.04,Pirelli,5,407
0,Shift 1,Shille,Badkas,113.0,0.11,113.0,101.0,0.14,99.0,0.11,99,0.16,120,3.86,222,13.99,264,264.0,212,0.27,92.0,0.1,0.0,117,0.11,116.0,0.04,28.0,116.0,0.04,Pirelli,5,369
0,Shift 1,Other,Dixit,,,0.0,,,,,97,0.3,114,5.33,220,12.25,267,267.0,211,0.26,,,0.0,112,0.14,104.0,0.09,36.0,104.0,0.09,Alfredo,5,390
0,Shift 3,Gadagi,shinde,105.0,0.08,105.0,101.0,0.03,99.0,0.05,96,0.16,116,4.3,222,10.32,244,244.0,221,0.34,221.0,0.34,0.0,102,0.09,102.0,0.09,0.0,102.0,0.09,Pirelli,5,342
0,Shift 2,Other,Dhasade,,,0.0,99.0,0.09,97.0,0.02,100,0.23,127,4.24,223,14.51,257,258.0,217,0.6,99.0,0.04,0.0,101,0.09,100.0,0.04,25.0,100.0,0.04,Pirelli,5,367
0,Shift 1,Rangrez,Sapar,113.0,0.07,113.0,113.0,0.07,85.0,0.07,96,0.15,132,4.73,219,8.59,260,260.0,218,6.3,218.0,5.48,0.0,108,0.02,113.0,0.07,34.0,113.0,0.07,Pirelli,5,379
0,Shift 1,Rangrez,Sapar,,,0.0,,,,,102,0.32,139,6.09,222,14.58,273,273.0,215,3.33,,,0.0,102,0.07,93.0,0.08,22.0,93.0,0.08,Pirelli,5,405
0,Shift 3,Chavan,shinde,109.0,0.08,109.0,97.0,0.08,220.0,7.04,127,4.59,127,4.59,137,2.8,288,288.0,210,0.26,,,0.0,109,0.08,,,27.0,,,Pirelli,5,413
0,Shift 2,Other,Dixit,78.0,0.07,78.0,77.0,0.04,77.0,0.05,84,0.27,121,3.37,225,14.31,298,298.0,222,3.14,77.0,0.08,0.0,103,0.09,102.0,0.04,34.0,102.0,0.04,Other,5,457
0,Shift 3,Other,Dhasade,95.0,0.05,95.0,95.0,0.06,94.0,,96,0.33,120,4.07,224,16.17,250,250.0,213,0.33,94.0,,0.0,101,0.04,110.0,0.03,34.0,110.0,0.03,Pirelli,5,362
0,Shift 3,Other,Dhasade,108.0,0.1,108.0,97.0,0.01,95.0,0.06,97,0.1,139,6.27,222,15.4,263,263.0,214,0.38,214.0,0.38,0.0,101,0.08,,,30.0,,,Pirelli,5,371
0,Shift 1,Shille,Dixit,,,0.0,88.0,0.05,130.0,6.33,92,0.14,129,6.3,223,13.99,277,277.0,210,0.2,86.0,0.06,0.0,111,0.12,,,51.0,,,Sumo Tumo,5,438
0,Shift 1,Rangrez,Rajput,93.0,0.09,93.0,93.0,0.09,90.0,0.09,93,0.21,161,9.67,223,15.15,255,255.0,224,15.06,91.0,0.03,0.0,99,0.07,93.0,0.09,41.0,93.0,0.09,Pirelli,5,427
0,Shift 3,Other,Dhasade,110.0,0.19,110.0,103.0,0.17,100.0,0.18,98,0.18,125,4.63,222,15.55,242,242.0,214,1.29,110.0,0.19,0.0,96,0.08,95.0,0.08,32.0,95.0,0.08,Pirelli,5,349
0,Shift 2,Other,Dixit,97.0,0.04,97.0,97.0,0.04,81.0,0.09,93,0.53,117,4.39,220,14.46,226,253.0,220,14.48,114.0,4.28,0.0,103,0.03,97.0,0.04,34.0,97.0,0.04,Sumo Tumo,5,418
0,Shift 1,Rangrez,Ingale,109.0,0.01,109.0,104.0,0.06,102.0,0.04,98,1.95,125,5.02,223,10.86,240,240.0,215,0.3,102.0,0.04,0.0,111,0.09,,,35.0,,,Other,5,392
0,Shift 3,Other,Dhasade,111.0,0.04,111.0,103.0,0.07,97.0,0.11,105,1.01,133,5.91,222,15.03,233,233.0,211,0.47,101.0,0.06,0.0,101,0.08,102.0,0.03,29.0,102.0,0.03,Pirelli,5,343
0,Shift 1,Rangrez,shinde,94.0,0.02,94.0,93.0,0.09,93.0,0.08,93,0.15,133,5.12,223,8.39,259,259.0,222,3.28,93.0,0.05,0.0,101,0.07,100.0,0.05,31.0,100.0,0.05,Pirelli,5,377
0,Shift 1,Other,Ingale,94.0,0.08,94.0,90.0,0.06,90.0,0.11,99,0.11,122,4.13,219,10.18,214,237.0,219,10.13,109.0,0.05,0.0,105,0.07,94.0,0.03,25.0,94.0,0.03,Pirelli,5,347
0,Shift 1,Rangrez,shinde,86.0,0.03,86.0,86.0,0.03,86.0,0.08,91,0.19,131,4.56,224,11.44,238,238.0,208,0.09,87.0,0.08,0.0,114,0.04,86.0,0.03,55.0,86.0,0.03,Pirelli,5,384
0,Shift 1,Other,Dixit,106.0,0.01,106.0,90.0,0.09,88.0,0.08,99,0.22,132,5.38,220,13.61,120,208.0,206,0.12,105.0,0.07,0.0,100,0.08,,,36.0,,,Other,5,326
0,Shift 2,Other,Ingale,94.0,0.22,94.0,94.0,0.17,94.0,0.19,95,0.25,127,5.1,225,14.36,261,261.0,213,0.33,184.0,16.9,0.0,102,0.16,105.0,0.03,29.0,105.0,0.03,Pirelli,5,380
0,Shift 1,Shille,Dhasade,91.0,0.07,91.0,90.0,0.03,89.0,0.07,97,0.45,159,9.95,225,14.7,269,269.0,217,0.88,90.0,0.17,0.0,104,0.23,101.0,0.18,29.0,101.0,0.18,Pirelli,5,379
0,Shift 3,Other,Dhasade,97.0,0.24,97.0,87.0,0.21,86.0,0.15,97,0.27,139,7.81,219,6.46,261,261.0,222,4.01,86.0,0.15,0.0,101,0.33,102.0,0.29,34.0,102.0,0.29,Pirelli,5,364
0,Shift 2,Shille,Rajput,95.0,0.01,95.0,95.0,0.01,92.0,0.05,95,0.61,137,6.27,224,15.33,240,240.0,224,15.33,92.0,0.07,0.0,110,0.24,112.0,0.21,29.0,112.0,0.21,Pirelli,5,348
0,Shift 1,Rangrez,Dixit,96.0,0.07,96.0,96.0,0.04,96.0,,100,0.4,132,5.0,222,16.64,135,229.0,200,0.53,96.0,0.05,0.0,103,0.07,,,42.0,,,Pirelli,5,416
0,Shift 1,Rangrez,Dixit,,,0.0,97.0,0.04,96.0,0.05,97,0.76,134,4.91,222,12.48,174,240.0,209,0.09,96.0,0.08,0.0,105,0.07,103.0,0.05,32.0,103.0,0.05,Pirelli,5,349
0,Shift 2,Other,Rajput,108.0,0.07,108.0,99.0,0.08,98.0,,102,0.38,129,4.1,222,4.97,260,260.0,222,4.97,,,0.0,101,0.02,99.0,0.07,29.0,99.0,0.07,Pirelli,5,369
0,Shift 1,Gadagi,Dixit,90.0,0.04,90.0,85.0,0.06,84.0,0.07,85,0.35,130,4.93,222,15.89,265,265.0,211,0.62,104.0,0.06,0.0,100,0.04,102.0,0.08,27.0,102.0,0.08,Other,5,373
0,Shift 3,Other,Dhasade,96.0,0.08,96.0,86.0,0.06,86.0,0.08,97,0.53,148,6.75,216,15.64,255,255.0,211,4.11,,,0.0,98,0.07,,,38.0,,,Pirelli,5,365
0,Shift 2,Other,Methre,111.0,0.07,111.0,104.0,0.04,102.0,0.04,100,0.39,128,5.35,220,15.02,204,228.0,216,2.9,97.0,0.08,0.0,98,0.09,92.0,0.04,31.0,92.0,0.04,Pirelli,5,339
0,Shift 1,Gadagi,Dixit,106.0,0.16,106.0,96.0,0.2,93.0,0.19,94,0.25,130,5.23,225,15.75,271,271.0,206,0.33,84.0,0.15,0.0,101,0.22,,,35.0,,,Pirelli,5,389
0,Shift 3,Other,Dhasade,,,0.0,,,95.0,0.06,97,0.5,130,5.16,223,15.84,235,260.0,210,0.76,95.0,0.08,0.0,107,0.17,,,50.0,,,Pirelli,5,390
0,Shift 3,Other,Dhasade,,,0.0,,,,,98,0.43,128,5.22,220,3.31,236,251.0,220,2.37,,,0.0,109,0.02,100.0,0.03,27.0,100.0,0.03,Pirelli,5,337
0,Shift 2,Chavan,shinde,110.0,0.11,110.0,97.0,0.11,87.0,0.16,101,0.29,140,7.54,224,13.81,243,248.0,222,5.48,,0.1,0.0,106,0.28,,,23.0,,,Pirelli,5,497
0,Shift 1,Rangrez,Dixit,91.0,0.11,91.0,91.0,0.09,90.0,,93,0.66,117,4.38,221,15.01,238,238.0,211,0.38,,,0.0,107,0.1,102.0,0.09,54.0,102.0,0.09,Pirelli,5,372
0,Shift 2,Chavan,shinde,,,0.0,,,,,92,0.2,177,16.67,228,12.52,163,238.0,227,10.33,110.0,0.05,0.0,102,0.1,108.0,0.01,26.0,108.0,0.01,Pirelli,5,320
0,Shift 2,Chavan,shinde,,,0.0,,,41.0,0.07,60,0.3,95,5.75,219,5.73,316,316.0,217,2.71,,,0.0,103,0.04,94.0,0.06,57.0,94.0,0.06,Pirelli,5,491
0,Shift 3,Gadagi,Methre,113.0,,113.0,99.0,0.05,99.0,,101,0.71,129,5.2,227,14.75,231,231.0,224,2.0,106.0,0.01,0.0,108,0.09,105.0,0.03,32.0,105.0,0.03,Pirelli,5,339
0,Shift 2,Gadagi,Dhasade,114.0,0.03,114.0,99.0,0.16,98.0,0.07,103,0.77,136,6.38,210,0.14,224,224.0,213,0.1,99.0,0.06,0.0,113,0.07,109.0,0.03,34.0,109.0,0.03,Pirelli,5,325
0,Shift 2,Other,Dhasade,104.0,0.03,104.0,92.0,0.07,89.0,0.08,133,5.7,137,6.24,227,15.87,219,234.0,212,0.09,91.0,0.09,0.0,111,0.18,108.0,0.01,30.0,108.0,0.01,Pirelli,5,348
0,Shift 1,Other,Dixit,94.0,0.08,94.0,85.0,,84.0,0.04,92,1.14,123,4.75,224,15.69,213,238.0,209,0.12,,,0.0,104,0.02,98.0,0.07,35.0,98.0,0.07,Pirelli,5,355
0,Shift 3,Gadagi,Methre,,,0.0,90.0,0.14,90.0,0.1,95,0.36,130,5.35,223,15.35,212,241.0,220,3.53,,,0.0,96,0.04,,,37.0,,,Pirelli,5,355
0,Shift 2,Other,Dhasade,98.0,0.07,1380.0,98.0,0.03,96.0,0.01,97,0.21,127,5.15,226,15.12,211,241.0,217,0.87,111.0,0.11,0.0,101,0.15,111.0,0.15,43.0,111.0,0.15,Pirelli,5,357
0,Shift 2,Other,Dhasade,94.0,0.09,0.0,93.0,0.1,91.0,0.12,88,0.13,125,4.31,226,17.2,234,240.0,218,1.66,92.0,0.07,0.0,100,0.06,104.0,0.04,35.0,104.0,0.04,Pirelli,5,349
0,Shift 1,Other,Dixit,98.0,0.05,0.0,90.0,0.03,84.0,0.08,97,0.27,129,4.6,225,15.57,258,258.0,205,0.58,,,0.0,102,0.15,96.0,0.08,28.0,96.0,0.08,Other,5,426
0,Shift 3,Gadagi,Methre,103.0,0.05,238.0,103.0,,95.0,0.05,100,0.32,131,5.03,226,15.55,131,216.0,219,1.29,95.0,,0.0,100,0.19,92.0,0.05,38.0,92.0,0.05,Pirelli,5,356
0,Shift 2,Other,Dhasade,,,0.0,91.0,0.12,88.0,0.06,110,0.33,142,6.06,225,13.96,94,215.0,216,1.48,216.0,1.48,0.0,120,0.18,,,40.0,,,Pirelli,5,362
0,Shift 1,Other,Dixit,94.0,0.05,0.0,85.0,0.04,80.0,0.11,91,0.3,122,5.06,222,14.31,169,232.0,220,2.99,,,0.0,103,0.07,,,37.0,,,Pirelli,5,416
0,Shift 3,Gadagi,Methre,102.0,0.07,0.0,100.0,0.18,92.0,0.14,92,0.39,130,5.28,227,14.65,70,204.0,223,2.15,112.0,0.03,0.0,99,0.04,,,37.0,,,Other,5,386
0,Shift 2,Other,Dhasade,115.0,0.07,0.0,105.0,0.05,97.0,0.08,99,0.8,136,5.9,224,10.93,110,212.0,217,0.5,114.0,0.04,0.0,102,0.1,,,30.0,,,Pirelli,5,318
0,Shift 1,Rangrez,Dixit,85.0,0.06,0.0,85.0,0.04,80.0,0.04,89,0.38,133,5.4,226,17.27,171,237.0,209,0.17,209.0,0.17,0.0,126,0.14,,,30.0,,,Other,5,346
0,Shift 1,Rangrez,Dixit,86.0,0.01,473.0,86.0,0.01,227.0,14.42,87,0.39,210,15.29,225,11.53,278,282.0,226,12.91,,,0.0,100,0.04,86.0,0.01,38.0,86.0,0.01,Pirelli,5,464
0,Shift 3,Gadagi,shinde,121.0,0.02,0.0,107.0,0.07,103.0,,106,0.77,132,5.38,220,16.92,159,210.0,208,0.23,106.0,0.07,0.0,104,0.07,,,24.0,,,Pirelli,5,397
0,Shift 2,Other,Dhasade,111.0,0.08,0.0,104.0,0.08,91.0,0.13,96,0.27,133,5.77,225,16.25,140,221.0,214,0.65,91.0,0.08,0.0,104,0.04,,,28.0,,,Pirelli,5,349
0,Shift 1,Rangrez,Dixit,,,0.0,,,99.0,,101,1.99,138,7.91,220,15.34,129,208.0,205,0.19,,,0.0,117,0.07,103.0,0.06,36.0,103.0,0.06,Pirelli,5,313
0,Shift 3,Gadagi,shinde,118.0,0.04,1044.0,104.0,0.12,103.0,0.01,101,0.72,180,15.56,217,15.31,170,207.0,198,0.05,200.0,0.16,0.0,103,0.07,103.0,0.07,30.0,103.0,0.07,Pirelli,5,318
0,Shift 3,Gadagi,shinde,101.0,,719.0,95.0,0.03,94.0,,95,0.49,121,4.44,221,18.16,189,210.0,208,1.16,95.0,,0.0,116,0.07,110.0,0.08,28.0,110.0,0.08,Pirelli,5,326
0,Shift 2,Other,Dhasade,99.0,0.07,387.0,80.0,0.07,146.0,0.17,154,2.97,172,11.31,189,9.33,320,320.0,179,0.49,147.0,0.19,0.0,104,0.03,102.0,0.04,34.0,102.0,0.04,Pirelli,5,558
0,Shift 1,Rangrez,Methre,,,0.0,,,,,93,1.65,123,10.59,233,13.62,261,261.0,215,0.07,,,0.0,117,0.07,,,69.0,,,Other,5,432
0,Shift 1,Suryvanshi,Rajput,103.0,0.16,536.0,103.0,0.16,91.0,0.08,95,1.46,111,3.61,227,15.45,214,225.0,215,0.19,215.0,0.19,0.0,121,0.04,103.0,0.16,55.0,103.0,0.16,Pirelli,5,376
0,Shift 3,Other,Dhasade,125.0,,155.0,103.0,,103.0,0.08,114,0.43,149,7.1,220,9.04,109,234.0,213,0.12,,,0.0,100,0.05,101.0,0.07,45.0,101.0,0.07,Pirelli,5,397
0,Shift 2,Gadagi,Dixit,,,1192.0,,,,,107,0.19,130,4.19,221,0.1,197,242.0,218,0.05,,,0.0,107,0.08,115.0,,35.0,115.0,,Pirelli,5,314
0,Shift 1,Rangrez,shinde,,,574.0,,,,,103,0.81,133,6.03,227,17.87,155,178.0,213,0.05,,,0.0,101,0.06,94.0,0.03,25.0,94.0,0.03,Pirelli,5,383
0,Shift 2,Other,Methre,110.0,0.01,0.0,93.0,,92.0,0.05,102,0.65,132,5.94,223,12.03,118,202.0,222,2.17,222.0,2.17,0.0,109,0.01,110.0,0.01,30.0,110.0,0.01,Other,5,322
0,Shift 1,Rangrez,Dhasade,112.0,0.03,0.0,100.0,0.02,98.0,,96,0.08,131,5.18,223,16.88,198,198.0,219,14.51,,,0.0,122,0.03,,,29.0,,,Pirelli,5,310
0,Shift 3,Gadagi,Dixit,110.0,0.04,0.0,87.0,0.03,87.0,0.02,104,0.69,143,6.51,225,16.94,204,213.0,202,0.07,93.0,0.21,0.0,104,0.04,103.0,0.02,32.0,103.0,0.02,Pirelli,5,330
0,Shift 2,Other,Tamplur,96.0,0.15,0.0,93.0,0.15,93.0,0.12,92,0.23,128,5.55,223,15.49,202,210.0,206,0.15,122.0,5.17,0.0,115,0.09,,,31.0,,,Pirelli,5,335
0,Shift 1,Rangrez,Dhasade,110.0,0.14,0.0,102.0,0.03,99.0,0.08,101,0.13,125,6.17,221,12.95,209,209.0,207,0.31,94.0,0.05,0.0,112,0.12,,,30.0,,,Pirelli,5,321
0,Shift 3,Gadagi,Dixit,97.0,0.07,0.0,96.0,0.04,94.0,0.04,98,0.75,131,5.48,224,16.93,213,213.0,205,0.1,,,0.0,108,0.11,,,31.0,,,Pirelli,5,319
0,Shift 3,Gadagi,Dixit,109.0,0.06,1416.0,96.0,0.05,95.0,0.08,100,0.51,120,3.47,227,14.83,221,221.0,221,1.6,,,0.0,99,0.06,102.0,0.08,25.0,102.0,0.08,Pirelli,5,325
0,Shift 1,Shille,Dhasade,108.0,0.06,686.0,99.0,0.05,92.0,0.09,95,0.69,130,4.89,226,17.56,207,207.0,214,1.17,97.0,0.06,0.0,106,0.07,110.0,0.17,31.0,110.0,0.17,Pirelli,5,316
0,Shift 3,Gadagi,Dixit,113.0,0.03,364.0,102.0,0.03,99.0,0.03,100,0.86,136,6.61,225,16.09,200,203.0,209,0.04,97.0,0.02,0.0,115,0.11,100.0,0.1,25.0,100.0,0.1,Other,5,315
0,Shift 3,Gadagi,Dixit,90.0,0.03,0.0,78.0,0.02,77.0,0.02,85,0.59,112,4.02,222,16.01,217,217.0,208,0.08,,,0.0,121,0.07,108.0,0.05,29.0,108.0,0.05,Other,5,366
0,Shift 1,Rangrez,Dhasade,105.0,0.07,683.0,93.0,0.09,91.0,,91,0.6,125,5.05,225,13.75,210,216.0,213,0.47,,,0.0,119,0.1,104.0,0.11,28.0,104.0,0.11,Pirelli,5,354
0,Shift 1,Shille,Dhasade,87.0,,540.0,87.0,0.04,86.0,0.08,92,0.58,129,6.87,222,12.81,247,247.0,214,0.31,,,0.0,99,0.11,98.0,0.14,2.0,98.0,0.14,Pirelli,5,341
0,Shift 3,Shille,Methre,,,189.0,,,92.0,0.03,92,0.12,134,5.15,223,14.58,216,216.0,215,1.15,,,0.0,106,0.06,92.0,0.06,33.0,92.0,0.06,Pirelli,5,308
0,Shift 2,Gadagi,shinde,,,1295.0,,,,,73,0.33,74,6.04,221,12.52,207,207.0,221,11.42,,,0.0,98,0.04,95.0,0.07,38.0,95.0,0.07,Pirelli,5,308
0,Shift 2,Gadagi,shinde,82.0,0.1,939.0,79.0,0.08,79.0,,77,0.21,124,5.83,199,12.34,161,196.0,191,0.31,,,0.0,112,0.02,87.0,0.04,26.0,87.0,0.04,Pirelli,5,299
0,Shift 1,Rangrez,Dixit,94.0,0.07,633.0,93.0,0.08,92.0,0.03,99,0.32,121,5.31,205,17.22,199,202.0,192,0.95,93.0,0.04,0.0,109,0.34,78.0,0.09,37.0,78.0,0.09,Other,5,302
0,Shift 3,Other,Dhasade,119.0,0.09,0.0,94.0,,99.0,0.05,107,0.21,120,4.8,205,15.64,142,191.0,201,5.72,,,0.0,110,0.23,,,25.0,,,Pirelli,5,285
0,Shift 3,Other,Dhasade,70.0,0.01,95.0,70.0,0.07,70.0,0.03,75,0.19,120,6.39,207,15.38,157,211.0,197,2.03,208.0,15.37,0.0,122,0.06,124.0,0.21,26.0,124.0,0.21,Pirelli,5,310
0,Shift 2,Gadagi,Methre,85.0,0.17,1221.0,82.0,0.22,81.0,0.17,86,0.23,103,8.69,193,13.3,198,198.0,186,0.1,,,0.0,117,0.22,69.0,0.02,356.0,69.0,0.02,Pirelli,5,641
0,Shift 3,Other,Dhasade,92.0,0.09,0.0,91.0,0.07,91.0,,95,0.72,107,5.81,201,15.25,210,216.0,197,5.51,,,0.0,106,0.2,102.0,0.25,37.0,102.0,0.25,Pirelli,5,333
0,Shift 1,Shille,Dixit,104.0,0.26,895.0,102.0,0.28,102.0,0.28,101,0.36,127,8.13,208,17.41,215,215.0,200,0.24,102.0,0.28,0.0,110,0.19,118.0,0.24,36.0,118.0,0.24,Pirelli,5,325
0,Shift 1,Shille,Dixit,107.0,0.06,0.0,100.0,0.05,99.0,0.03,100,0.68,114,6.56,210,14.88,212,212.0,203,0.12,,,0.0,114,0.17,,,26.0,,,Other,5,324
0,Shift 2,Gadagi,Dhasade,99.0,0.14,981.0,94.0,0.11,93.0,0.14,102,0.33,136,8.15,212,15.75,211,211.0,204,0.44,93.0,0.14,0.0,108,0.04,103.0,0.01,28.0,103.0,0.01,Pirelli,5,370
0,Shift 1,Shille,Dixit,,,0.0,,,,,89,0.1,150,7.86,201,7.45,163,207.0,197,0.72,,,0.0,105,0.11,96.0,0.09,37.0,96.0,0.09,Other,5,311
