S/N,Autoclave,Form Filled By,Form Filled At,Machine Idle,Batch ID,BT- Recipe,Shift,Supervisor,Operator,Batch Start Time (HH:MM),Loading Temp (°C),Loading Pressure (kg/cm2),Loading Time (HH:MM),Loading Duration (HH:MM),Close Top Door Temp (°C),Close Top Door Pressure (kg/cm2),Close Top Door Time (HH:MM),Heat Valve Open Temp (°C),Heat Valve Open Pressure (kg/cm2),Heat Valve Open Time (HH:MM),Steam Valve Open Temp (°C),Steam Valve Open Pressure (kg/cm2),Steam Valve Open Time (HH:MM),Steam Valve Close Temp (°C),Steam Valve Close Pressure (kg/cm2),Steam Valve Close Time (HH:MM),Heat Valve Close Temp (°C),Heat Valve Close Pressure (kg/cm2),Heat Valve Close Time (HH:MM),Low TF Temp Duration(Mins) (Below 260°C),Cooking Start Time (HH:MM),Cooking Stop Time (HH:MM),Cooking Duration (HH:MM),Discharge Valve Open Temp (°C),Discharge Valve Open Pressure (kg/cm2),Discharge Valve Open Time (HH:MM),Discharge Start Time (HH:MM),Discharge Stop Time (HH:MM),Discharge Duration (HH:MM),Cooling Valve Open Temp(°C),Cooling Valve Open Pressure (kg/cm2),Cooling Valve Open Time (HH:MM),Cooling Valve Close Temp(°C),Cooling Valve Close Pressure (kg/cm2),Cooling Valve Close Time (HH:MM),Cooling Duration (HH:MM),Waiting Temp(°C),Waiting Pressure (kg/cm2),Waiting Time (HH:MM),Top door ( sample collect ) Temp(°C),Top door ( sample collect ) Pressure (kg/cm2),Top door ( sample collect ) Time (HH:MM),Sampling End Time (HH:MM),Sampling Duration (HH:MM),Bottom Door Open Temp(°C),Bottom Door Open Pressure (kg/cm2),Bottom Door Open Time (HH:MM),Unload Complete Temp(°C),Unload Complete Pressure (kg/cm2),Unload Complete Time (HH:MM),Unloading Duration (HH:MM),Bottom Door Close Temp(°C),Bottom Door Close Pressure (kg/cm2),Bottom Door Close Time (HH:MM),Comment,Customer,Batch kWh,Standard Batch Duration(Hrs),Actual Batch Duration (Mins),Batch End Time (HH:MM)
1,AC10,operator5_sl02@grpweb.com,2026-03-07 18:40:55.217,No,BT-040624-0,BT- Recipe1,Shift 2,Gadagi,Dhasade,12:50,112,0.06,12:51,01:52:00,107,0.09,13:11,100,0.1,13:15,101,0.72,13:41,123,4.36,13:52,221,6.35,17:12,172,13:15,17:11,03:55:00,0,0,0:0,0:0,0:0,00:00:00,210,0.32,17:16,106,0.05,13:13,00:00:00,0,0,0:0,0,0,0:0,0:0,00:00:00,112,0.25,18:6,110,0.2,18:34,00:28:00,110,0.2,18:34,,Pirelli,,5,343,18:34
2,AC10,operator5_sl02@grpweb.com,2026-03-07 12:52:38.289,No,BT-040621-0,BT- Recipe1,Shift 1,Kamlakar,Dixit,6:33,101,0.08,6:33,01:41:00,96,0.09,6:48,94,0.04,6:50,93,0.42,7:17,124,4.26,7:34,218,13.97,11:12,260,6:50,11:11,04:20:00,0,0,0:0,0:0,0:0,00:00:00,204,0.41,11:17,0,0.0,0:0,00:00:00,0,0,0:0,0,0,0:0,0:0,00:00:00,101,0.1,12:7,101,0.1,12:7,00:00:00,101,0.1,12:7,,Pirelli,,5,333,12:7
3,AC10,operator5_sl02@grpweb.com,2026-03-07 06:36:29.743,No,BT-040618-0,BT- Recipe1,Shift 3,Tikore,Methre,0:10,118,0.12,0:14,01:58:00,107,0.07,0:34,107,0.06,0:35,99,0.47,1:4,130,5.23,1:14,222,14.51,4:54,257,0:35,4:53,04:17:00,0,0,0:0,0:0,0:0,00:00:00,218,2.67,4:56,99,0.07,0:0,00:00:00,0,0,0:0,0,0,0:0,0:0,00:00:00,101,0.07,5:41,98,0.08,6:31,00:49:00,98,0.08,6:31,,Pirelli,,5,380,6:31
4,AC10,operator5_sl02@grpweb.com,2026-03-06 22:55:49.597,No,BT-040615-0,BT- Recipe1,Shift 2,Gadagi,Dhasade,16:50,109,0.12,22:50,01:49:00,109,0.12,22:50,97,0.09,17:14,104,0.51,17:41,136,5.36,17:58,224,15.0,21:15,229,17:14,21:14,03:59:00,0,0,0:0,0:0,0:0,00:00:00,219,2.01,21:18,97,0.13,17:15,00:00:00,0,0,0:0,0,0,0:0,0:0,00:00:00,113,0.08,22:23,109,0.12,22:50,00:26:00,109,0.12,22:50,,Pirelli,,5,359,22:50
5,AC10,operator5_sl02@grpweb.com,2026-03-06 02:02:13.545,No,BT-040605-0,BT- Recipe1,Shift 3,Tikore,Methre,19:53,0,0.0,0:0,00:00:00,115,0.32,20:9,113,0.27,20:10,106,0.31,20:37,142,7.49,20:51,221,14.81,0:3,231,20:10,0:2,03:51:00,0,0,0:0,0:0,0:0,00:00:00,214,2.16,0:5,112,0.08,1:57,00:00:00,0,0,0:0,0,0,0:0,0:0,00:00:00,104,0.07,1:23,111,0.1,1:56,00:33:00,111,0.1,1:56,,Pirelli,,5,363,1:56
6,AC10,operator5_sl02@grpweb.com,2026-03-05 13:32:37.331,No,BT-040599-0,BT- Recipe1,Shift 1,Rangrez,Dixit,7:9,104,0.04,7:25,01:44:00,104,0.08,7:27,103,0.02,7:30,101,0.41,8:13,134,5.69,8:23,220,15.05,11:56,264,7:30,11:55,04:24:00,0,0,0:0,0:0,0:0,00:00:00,202,0.46,12:2,0,0.0,0:0,00:00:00,0,0,0:0,0,0,0:0,0:0,00:00:00,100,0.06,13:0,103,0.06,13:28,00:27:00,103,0.06,13:28,,Pirelli,,5,377,13:28
7,AC10,operator5_sl02@grpweb.com,2026-03-05 06:54:21.661,No,BT-040596-0,BT- Recipe1,Shift 3,Tikore,shinde,0:45,0,0.0,0:0,00:00:00,0,0.0,0:0,0,0.0,0:0,98,0.12,1:13,143,5.55,1:49,223,13.21,5:11,265,0:0,5:10,04:25:00,0,0,0:0,0:0,0:0,00:00:00,222,13.25,5:11,0,0.0,0:0,00:00:00,0,0,0:0,0,0,0:0,0:0,00:00:00,106,0.31,6:17,99,0.12,6:50,00:33:00,99,0.12,6:50,,Pirelli,,5,364,6:50
8,AC10,operator5_sl02@grpweb.com,2026-03-05 00:27:22.809,No,BT-040592-0,BT- Recipe1,Shift 3,Tikore,shinde,17:19,119,0.08,17:20,01:59:00,108,0.09,17:32,106,0.11,17:41,102,0.14,18:9,132,5.36,18:27,221,15.7,22:3,260,17:41,22:2,04:20:00,0,0,0:0,0:0,0:0,00:00:00,203,0.21,22:13,0,0.0,0:0,00:00:00,0,0,0:0,0,0,0:0,0:0,00:00:00,114,0.17,23:37,101,0.18,0:19,00:41:00,101,0.18,0:19,,Pirelli,,5,419,0:19
9,AC10,operator5_sl02@grpweb.com,2026-03-04 17:20:06.279,No,BT-040589-0,BT- Recipe1,Shift 2,Gadagi,Dixit,10:20,0,0.0,0:0,00:00:00,116,0.07,10:56,116,0.1,10:57,99,0.07,11:24,136,6.43,11:35,220,13.89,15:10,251,10:57,15:9,04:11:00,0,0,0:0,0:0,0:0,00:00:00,212,0.64,15:16,116,0.11,10:58,00:00:00,0,0,0:0,0,0,0:0,0:0,00:00:00,108,0.12,16:36,112,0.02,17:14,00:38:00,112,0.02,17:14,,Pirelli,,5,414,17:14
10,AC10,operator5_sl02@grpweb.com,2026-03-04 09:49:54.335,No,BT-040585-0,BT- Recipe1,Shift 1,Rangrez,Dhasade,3:54,0,0.0,0:0,00:00:00,0,0.0,0:0,0,0.0,0:0,100,0.11,4:22,125,4.32,4:31,223,13.96,8:3,247,0:0,8:2,04:07:00,0,0,0:0,0:0,0:0,00:00:00,213,0.66,8:9,0,0.0,0:0,00:00:00,0,0,0:0,0,0,0:0,0:0,00:00:00,105,0.14,9:0,111,0.14,9:43,00:42:00,111,0.14,9:43,,Pirelli,,5,348,9:43
11,AC10,operator5_sl02@grpweb.com,2026-03-04 03:27:29.328,No,BT-040582-0,BT- Recipe1,Shift 3,Tikore,shinde,20:52,118,0.1,20:53,01:58:00,104,0.14,21:11,104,0.07,21:12,101,0.08,21:40,142,8.16,21:53,221,11.61,1:35,240,21:12,1:34,04:21:00,0,0,0:0,0:0,0:0,00:00:00,221,10.64,1:35,104,0.11,21:12,00:00:00,0,0,0:0,0,0,0:0,0:0,00:00:00,166,0.13,2:30,0,0.0,0:0,00:52:00,0,0.0,0:0,,Pirelli,,5,390,0:0
12,AC10,operator5_sl02@grpweb.com,2026-03-03 20:55:21.986,No,BT-040579-0,BT- Recipe1,Shift 2,Kamlakar,Dhasade,14:33,110,0.07,14:34,01:50:00,91,0.06,14:49,89,0.04,14:50,96,0.11,15:18,120,4.14,15:27,216,0.81,19:16,262,14:50,19:15,04:24:00,0,0,0:0,0:0,0:0,00:00:00,216,0.87,19:16,216,0.87,19:16,00:00:00,0,0,0:0,0,0,0:0,0:0,00:00:00,132,0.15,20:9,115,0.16,20:49,00:40:00,115,0.16,20:49,,Pirelli,,5,376,20:49
13,AC10,operator5_sl02@grpweb.com,2026-03-03 14:35:45.221,No,BT-040578-0,BT- Recipe1,Shift 1,Rangrez,Methre,8:23,104,0.05,8:23,01:44:00,89,0.05,8:40,82,0.04,8:51,93,0.51,9:21,130,6.52,9:56,225,15.55,13:6,233,8:51,13:5,04:13:00,0,0,0:0,0:0,0:0,00:00:00,219,1.77,13:7,0,0.0,0:0,00:00:00,0,0,0:0,0,0,0:0,0:0,00:00:00,109,0.09,13:55,0,0.0,0:0,00:35:00,0,0.0,0:0,,Pirelli,,5,368,0:0
14,AC10,operator5_sl02@grpweb.com,2026-03-03 08:25:20.347,No,BT-040575-0,BT- Recipe1,Shift 1,Rangrez,Methre,2:37,0,0.0,0:0,00:00:00,0,0.0,0:0,0,0.0,0:0,96,0.85,3:4,125,4.24,3:16,220,1.08,6:44,188,0:0,6:43,04:05:00,0,0,0:0,0:0,0:0,00:00:00,220,0.63,6:44,100,0.07,8:20,00:00:00,0,0,0:0,0,0,0:0,0:0,00:00:00,102,0.08,7:42,97,0.05,8:19,00:36:00,97,0.05,8:19,,Pirelli,,5,341,8:19
15,AC10,operator5_sl02@grpweb.com,2026-03-03 02:12:19.147,Yes,BT-040572-0,BT- Recipe1,Shift 3,Tikore,shinde,19:50,98,0.03,20:13,01:38:00,98,0.04,20:13,97,0.01,20:15,96,0.26,20:46,122,4.29,20:58,221,7.44,0:28,235,20:15,0:27,04:11:00,0,0,0:0,0:0,0:0,00:00:00,221,8.42,0:28,0,0.0,0:0,00:00:00,0,0,0:0,0,0,0:0,0:0,00:00:00,102,0.04,1:37,0,0.0,0:0,00:30:00,0,0.0,0:0,,Pirelli,,5,378,0:0
16,AC10,operator5_sl02@grpweb.com,2026-03-02 19:50:50.947,No,BT-040570-0,BT- Recipe1,Shift 2,Kamlakar,Dixit,13:40,104,0.03,13:41,01:44:00,98,0.04,13:59,97,0.08,14:0,92,0.37,14:30,125,4.86,14:41,220,11.97,18:18,214,14:0,18:16,04:15:00,0,0,0:0,0:0,0:0,00:00:00,208,0.15,18:23,0,0.0,0:0,00:00:00,0,0,0:0,0,0,0:0,0:0,00:00:00,100,0.07,19:10,103,0.04,19:46,00:35:00,103,0.04,19:46,,Sumo Tumo,,5,365,19:46
17,AC10,operator5_sl02@grpweb.com,2026-03-02 13:41:20.069,,BT-040568-0,BT- Recipe1,Shift 1,Rangrez,Methre,7:10,107,0.2,7:11,01:47:00,94,0.13,7:40,93,0.13,7:42,91,0.26,8:14,124,5.44,8:26,222,15.35,12:13,230,7:42,12:12,04:30:00,0,0,0:0,0:0,0:0,00:00:00,220,2.44,12:15,0,0.0,0:0,00:00:00,0,0,0:0,0,0,0:0,0:0,00:00:00,100,0.04,13:6,102,0.09,0:0,00:30:00,102,0.09,0:0,,Alfredo,,5,386,0:0
18,AC10,operator5_sl02@grpweb.com,2026-03-02 07:03:14.115,,BT-040566-0,BT- Recipe1,Shift 3,Tikore,Dhasade,0:18,107,0.15,0:35,01:47:00,106,0.15,0:37,92,0.12,0:59,99,0.15,1:24,141,4.53,1:36,220,8.73,5:9,220,0:59,5:8,04:08:00,0,0,0:0,0:0,0:0,00:00:00,216,2.17,5:10,92,0.13,0:52,00:00:00,0,0,0:0,0,0,0:0,0:0,00:00:00,106,0.17,6:9,106,0.18,0:0,00:49:00,106,0.18,0:0,,Pirelli,,5,400,0:0
19,AC10,operator5_sl02@grpweb.com,2026-03-01 10:53:44.094,,BT-040560-0,BT- Recipe1,Shift 1,Shille,Methre,4:8,120,0.13,4:10,02:00:00,111,0.14,4:29,110,0.19,4:30,97,0.16,4:50,127,4.97,5:1,225,14.86,8:48,256,4:30,8:47,04:16:00,0,0,0:0,0:0,0:0,00:00:00,221,3.44,8:50,110,0.17,4:30,00:00:00,0,0,0:0,0,0,0:0,0:0,00:00:00,98,0.04,10:6,93,0.07,10:49,00:42:00,93,0.07,10:49,,Alfredo,,5,400,10:49
20,AC10,operator5_sl02@grpweb.com,2026-03-01 04:10:25.791,,BT-040557-0,BT- Recipe1,Shift 3,Gadagi,Dhasade,22:11,110,0.05,22:12,01:50:00,104,0.0,22:31,103,0.0,22:33,101,0.08,23:2,143,6.5,23:26,223,14.16,2:36,215,22:33,2:35,04:01:00,0,0,0:0,0:0,0:0,00:00:00,206,0.57,2:41,103,0.01,22:33,00:00:00,0,0,0:0,0,0,0:0,0:0,00:00:00,116,0.07,3:37,114,0.15,4:5,00:27:00,114,0.15,4:5,,Pirelli,,5,353,4:5
21,AC10,operator5_sl02@grpweb.com,2026-02-28 22:13:21.367,,BT-040554-0,BT- Recipe1,Shift 2,Kamlakar,Dixit,16:30,102,0.1,16:31,01:42:00,96,0.05,16:47,94,0.08,16:49,95,0.13,17:19,130,0.14,17:29,223,14.22,20:39,181,16:49,20:38,03:48:00,0,0,0:0,0:0,0:0,00:00:00,205,0.09,20:50,102,0.1,16:30,00:00:00,0,0,0:0,0,0,0:0,0:0,00:00:00,104,0.05,21:37,0,0.0,0:0,00:31:00,0,0.0,0:0,,Pirelli,,5,338,0:0
22,AC10,operator5_sl02@grpweb.com,2026-02-28 16:27:04.923,,BT-040550-0,BT- Recipe1,Shift 2,Kamlakar,Dixit,9:30,94,0.08,9:32,01:34:00,88,0.03,9:49,87,0.03,9:51,87,0.04,10:21,118,4.2,10:32,224,13.34,14:3,207,9:51,14:2,04:10:00,0,0,0:0,0:0,0:0,00:00:00,220,0.94,14:5,0,0.0,0:0,00:00:00,0,0,0:0,0,0,0:0,0:0,00:00:00,100,0.11,15:38,96,0.07,0:0,00:44:00,96,0.07,0:0,,Pirelli,,5,411,0:0
23,AC10,operator5_sl02@grpweb.com,2026-02-28 09:33:11.358,,BT-040547-0,BT- Recipe1,Shift 1,Rangrez,Methre,2:53,118,0.09,3:0,01:58:00,105,0.14,3:13,104,0.1,3:14,92,0.12,3:36,122,4.53,3:47,224,13.07,7:25,195,3:14,7:24,04:09:00,0,0,0:0,0:0,0:0,00:00:00,220,1.14,7:27,104,0.1,3:14,00:00:00,0,0,0:0,0,0,0:0,0:0,00:00:00,99,0.1,8:54,90,0.06,9:28,00:34:00,90,0.06,9:28,8:20 to 8:50  A/C 7 unload load ,Alfredo,8:20 to 8:50  A/C 7 unload load ,5,395,9:28
24,AC10,operator5_sl02@grpweb.com,2026-02-27 21:00:33.062,,BT-040537-0,BT- Recipe1,Shift 2,Gadagi,Dixit,14:9,89,0.08,14:10,01:29:00,82,0.05,14:30,86,0.08,14:51,95,0.53,15:21,133,5.61,15:33,221,13.99,19:13,260,14:51,19:11,04:20:00,0,0,0:0,0:0,0:0,00:00:00,202,0.37,19:19,86,0.12,14:50,00:00:00,0,0,0:0,0,0,0:0,0:0,00:00:00,102,0.05,20:30,0,0.0,0:0,00:25:00,0,0.0,0:0,,Pirelli,,5,405,0:0
25,AC10,operator5_sl02@grpweb.com,2026-02-27 07:09:46.953,,BT-040534-0,BT- Recipe1,Shift 3,Tikore,Dhasade,0:30,99,0.15,6:59,01:39:00,99,0.15,6:59,96,0.09,0:54,98,0.29,1:23,138,6.04,1:42,222,15.52,5:11,255,0:54,5:10,04:15:00,0,0,0:0,0:0,0:0,00:00:00,215,1.8,5:13,100,2.23,1:26,00:00:00,0,0,0:0,0,0,0:0,0:0,00:00:00,99,0.07,6:12,99,0.15,6:59,00:46:00,99,0.15,6:59,,Pirelli,,5,388,6:59
26,AC10,operator5_sl02@grpweb.com,2026-02-26 18:30:20.543,,BT-040522-0,BT- Recipe1,Shift 2,Gadagi,Dixit,12:0,90,0.12,12:17,01:30:00,90,0.14,12:17,89,0.14,12:20,91,0.13,12:48,117,3.96,13:1,221,15.96,16:59,278,12:20,16:58,04:38:00,0,0,0:0,0:0,0:0,00:00:00,199,0.23,17:6,0,0.0,0:0,00:00:00,0,0,0:0,0,0,0:0,0:0,00:00:00,101,0.01,17:51,106,0.02,18:25,00:33:00,106,0.02,18:25,,Other,,5,384,18:25
27,AC10,operator5_sl02@grpweb.com,2026-02-26 12:02:00.326,,BT-040520-0,BT- Recipe1,Shift 1,Gadagi,Methre,5:38,105,0.09,5:44,01:45:00,96,0.1,6:0,94,0.06,6:1,87,0.21,6:17,108,3.29,6:43,223,16.06,10:28,266,6:1,10:27,04:26:00,0,0,0:0,0:0,0:0,00:00:00,220,8.95,10:30,95,0.08,6:1,00:00:00,0,0,0:0,0,0,0:0,0:0,00:00:00,101,0.09,11:27,94,0.08,0:0,00:30:00,94,0.08,0:0,,Other,,5,379,0:0
28,AC10,operator5_sl02@grpweb.com,2026-02-26 05:38:44.933,,BT-040517-0,BT- Recipe1,Shift 3,Kamlakar,Dhasade,23:15,96,0.0,23:37,01:36:00,96,0.04,23:38,95,0.04,23:39,92,0.09,23:59,143,7.26,0:22,221,16.56,4:12,271,23:39,4:11,04:31:00,0,0,0:0,0:0,0:0,00:00:00,215,1.47,4:17,95,0.02,23:39,00:00:00,0,0,0:0,0,0,0:0,0:0,00:00:00,100,0.05,5:4,99,0.08,5:34,00:30:00,99,0.08,5:34,,Pirelli,,5,378,5:34
29,AC10,operator5_sl02@grpweb.com,2026-02-25 04:47:32.983,,BT-040505-0,BT- Recipe1,Shift 3,Kamlakar,Dhasade,22:10,89,0.03,22:23,01:29:00,84,0.08,22:29,83,0.03,22:30,95,0.51,23:5,147,7.69,23:36,220,14.53,2:53,258,22:30,2:52,04:22:00,0,0,0:0,0:0,0:0,00:00:00,216,1.68,2:56,0,0.0,0:0,00:00:00,0,0,0:0,0,0,0:0,0:0,00:00:00,105,0.08,3:46,112,0.02,4:20,00:34:00,112,0.02,4:20,,Pirelli,,5,370,4:20
30,AC10,operator5_sl02@grpweb.com,2026-02-24 22:12:05.137,,BT-040494-0,BT- Recipe1,Shift 2,Gadagi,Methre,15:29,112,0.0,15:31,01:52:00,99,0.05,15:48,96,0.02,15:50,99,0.57,16:20,127,5.51,16:31,221,13.96,20:1,250,15:50,20:0,04:10:00,0,0,0:0,0:0,0:0,00:00:00,219,3.59,20:3,0,0.0,0:0,00:00:00,0,0,0:0,0,0,0:0,0:0,00:00:00,99,0.04,21:25,92,0.03,22:8,00:42:00,92,0.03,22:8,,Pirelli,,5,398,22:8
31,AC10,operator5_sl02@grpweb.com,2026-02-24 15:31:48.134,,BT-040492-0,BT- Recipe1,Shift 2,Gadagi,Methre,9:30,0,0.0,0:0,00:00:00,0,0.0,0:0,0,0.0,0:0,88,0.09,10:0,135,5.87,10:21,224,14.27,13:40,249,0:0,13:39,04:09:00,0,0,0:0,0:0,0:0,00:00:00,223,14.32,13:41,0,0.0,0:0,00:00:00,0,0,0:0,0,0,0:0,0:0,00:00:00,103,0.1,14:40,109,0.02,15:27,00:47:00,109,0.02,15:27,,Pirelli,,5,356,15:27
32,AC10,operator5_sl02@grpweb.com,2026-02-23 11:18:59.614,,BT-040481-0,BT- Recipe1,Shift 1,Rangrez,shinde,4:40,93,0.08,4:51,01:33:00,83,0.05,4:58,82,0.13,5:0,91,0.86,5:31,130,6.57,5:43,223,14.0,9:11,249,5:0,9:10,04:09:00,0,0,0:0,0:0,0:0,00:00:00,220,2.97,9:14,0,0.0,0:0,00:00:00,0,0,0:0,0,0,0:0,0:0,00:00:00,104,0.07,10:13,107,0.0,10:58,00:45:00,107,0.0,10:58,,Pirelli,,5,378,10:58
33,AC10,operator5_sl02@grpweb.com,2026-02-23 04:42:08.083,,BT-040478-0,BT- Recipe1,Shift 3,Kamlakar,Methre,22:10,97,0.03,22:11,01:37:00,86,0.11,22:29,85,0.13,22:30,104,1.1,23:18,135,6.42,23:31,225,12.65,2:57,265,22:30,2:56,04:25:00,0,0,0:0,0:0,0:0,00:00:00,222,2.69,2:59,96,0.05,0:0,00:00:00,0,0,0:0,0,0,0:0,0:0,00:00:00,100,0.09,3:58,95,0.01,4:38,00:39:00,95,0.01,4:38,,Pirelli,,5,387,4:38
34,AC10,operator5_sl02@grpweb.com,2026-02-22 09:47:43.215,,BT-040465-0,BT- Recipe1,Shift 1,Rangrez,Dhasade,3:41,0,0.0,0:0,00:00:00,0,0.0,0:0,94,0.04,4:1,94,0.59,4:29,127,5.21,4:40,225,14.2,8:17,221,4:1,8:16,04:14:00,0,0,0:0,0:0,0:0,00:00:00,222,2.11,8:18,94,0.0,4:1,00:00:00,0,0,0:0,0,0,0:0,0:0,00:00:00,109,0.05,9:14,107,0.03,9:43,00:28:00,107,0.03,9:43,,Pirelli,,5,362,9:43
35,AC10,operator5_sl02@grpweb.com,2026-02-22 03:42:54.552,,BT-040463-0,BT- Recipe1,Shift 3,Kamlakar,Dhasade,21:39,102,0.0,21:40,01:42:00,89,0.0,21:58,87,0.0,22:0,93,0.47,22:30,125,5.39,22:41,223,13.54,2:11,250,22:0,2:10,04:10:00,0,0,0:0,0:0,0:0,00:00:00,210,0.06,2:22,0,0.0,0:0,00:00:00,0,0,0:0,0,0,0:0,0:0,00:00:00,102,0.04,3:5,98,0.03,3:38,00:33:00,98,0.03,3:38,,Pirelli,,5,359,3:38
36,AC10,operator5_sl02@grpweb.com,2026-02-21 15:32:30.478,,BT-07585-0,BT- Recipe1,Shift 2,Gadagi,Methre,4:30,108,0.0,4:59,01:48:00,108,0.0,4:59,139,0.38,11:13,138,0.4,11:13,150,7.05,11:17,217,13.45,13:30,363,11:13,13:29,07:21:00,0,0,0:0,0:0,0:0,00:00:00,204,0.17,13:35,111,0.06,11:13,00:00:00,0,0,0:0,0,0,0:0,0:0,00:00:00,134,0.08,14:8,110,0.06,15:27,01:19:00,110,0.06,15:27,,Pirelli,,5,657,15:27
37,AC10,operator5_sl02@grpweb.com,2026-02-20 15:52:29.531,,BT-040443-0,BT- Recipe1,Shift 2,Other,Methre,8:58,105,0.07,8:59,01:45:00,94,0.08,9:18,93,0.07,9:20,92,0.13,9:53,125,4.47,10:14,222,10.25,14:5,283,9:20,14:3,04:43:00,0,0,0:0,0:0,0:0,00:00:00,206,0.32,14:12,99,0.0,15:49,00:00:00,0,0,0:0,0,0,0:0,0:0,00:00:00,104,0.01,15:22,98,0.0,15:48,00:26:00,98,0.0,15:48,,Pirelli,,5,409,15:48
38,AC10,operator5_sl02@grpweb.com,2026-02-20 08:58:10.709,,BT-040440-0,BT- Recipe1,Shift 1,Gadagi,Dixit,1:59,98,0.05,2:0,01:38:00,94,0.04,2:18,93,0.0,2:21,87,0.29,2:50,123,4.69,3:4,223,15.54,6:28,226,2:21,6:27,04:06:00,0,0,0:0,0:0,0:0,00:00:00,208,0.62,6:35,0,0.0,0:0,00:00:00,0,0,0:0,0,0,0:0,0:0,00:00:00,102,0.07,8:18,0,0.0,0:0,00:36:00,0,0.0,0:0,,Pirelli,,5,415,0:0
39,AC10,operator5_sl02@grpweb.com,2026-02-19 19:05:41.851,,BT-040436-0,BT- Recipe1,Shift 2,Other,Methre,13:6,93,0.03,13:17,01:33:00,92,0.04,13:19,92,0.07,13:20,91,0.32,13:45,135,5.73,14:13,225,16.09,17:27,136,13:20,17:26,04:05:00,0,0,0:0,0:0,0:0,00:00:00,218,1.45,17:30,92,0.09,13:20,00:00:00,0,0,0:0,0,0,0:0,0:0,00:00:00,99,0.2,18:29,0,0.0,0:0,00:33:00,0,0.0,0:0,,Pirelli,,5,356,0:0
40,AC10,operator5_sl02@grpweb.com,2026-02-19 00:13:53.362,,BT-040427-0,BT- Recipe1,Shift 3,Kamlakar,Dixit,17:45,0,0.0,0:0,00:00:00,0,0.0,0:0,0,0.0,0:0,89,0.28,18:18,107,3.53,18:24,224,15.77,21:50,165,0:0,21:49,04:03:00,0,0,0:0,0:0,0:0,00:00:00,224,15.73,21:51,86,0.05,17:49,00:00:00,0,0,0:0,0,0,0:0,0:0,00:00:00,103,0.07,23:39,0,0.0,0:0,00:30:00,0,0.0,0:0,,Other,,5,384,0:0
41,AC10,operator5_sl02@grpweb.com,2026-02-18 07:53:20.020,,BT-040420-0,BT- Recipe1,Shift 1,Rangrez,Dhasade,1:31,106,0.0,1:32,01:46:00,98,0.02,1:50,97,0.01,1:51,99,0.09,2:22,132,4.71,2:32,229,14.57,6:12,259,1:51,6:11,04:19:00,0,0,0:0,0:0,0:0,00:00:00,225,1.82,6:14,0,0.0,0:0,00:00:00,0,0,0:0,0,0,0:0,0:0,00:00:00,100,0.08,7:20,104,0.07,7:47,00:26:00,104,0.07,7:47,,Pirelli,,5,375,7:47
42,AC10,operator5_sl02@grpweb.com,2026-02-18 01:32:18.713,,BT-040416-0,BT- Recipe1,Shift 3,Shille,Methre,19:40,0,0.0,0:0,00:00:00,0,0.0,0:0,90,0.07,19:41,97,0.27,20:12,143,5.37,20:42,228,14.43,23:51,249,19:41,23:50,04:09:00,0,0,0:0,0:0,0:0,00:00:00,225,3.22,23:53,101,0.0,0:0,00:00:00,0,0,0:0,0,0,0:0,0:0,00:00:00,104,0.05,0:49,100,0.02,0:0,00:37:00,100,0.02,0:0,,Pirelli,,5,346,0:0
43,AC10,operator5_sl02@grpweb.com,2026-02-16 23:51:31.559,,BT-040405-0,BT- Recipe1,Shift 3,Gadagi,Methre,17:8,0,0.0,0:0,00:00:00,0,0.0,0:0,0,0.0,0:0,88,0.11,17:32,123,4.34,17:41,227,13.4,21:16,224,0:0,21:15,04:07:00,0,0,0:0,0:0,0:0,00:00:00,224,6.83,21:18,0,0.0,0:0,00:00:00,0,0,0:0,0,0,0:0,0:0,00:00:00,100,0.1,23:19,0,0.0,0:0,00:26:00,0,0.0,0:0,,Pirelli,,5,397,0:0
44,AC10,operator5_sl02@grpweb.com,2026-02-16 16:35:08.471,,BT-040402-0,BT- Recipe1,Shift 2,Chavan,shinde,8:22,95,0.1,16:31,01:35:00,95,0.1,16:31,84,0.03,8:42,82,0.05,9:11,127,4.82,9:26,224,14.53,13:15,271,8:42,13:14,04:31:00,0,0,0:0,0:0,0:0,00:00:00,209,0.13,13:22,0,0.0,0:0,00:00:00,0,0,0:0,0,0,0:0,0:0,00:00:00,114,0.1,15:53,95,0.1,16:31,00:37:00,95,0.1,16:31,,Pirelli,,5,488,16:31
45,AC10,operator5_sl02@grpweb.com,2026-02-15 19:02:13.473,,BT-040396-0,BT- Recipe1,Shift 2,Other,Dhasade,12:50,99,0.08,13:2,01:39:00,88,0.07,13:8,86,0.05,13:10,89,0.37,13:39,121,4.66,13:55,222,14.96,17:6,234,13:10,17:5,03:54:00,0,0,0:0,0:0,0:0,00:00:00,209,0.31,17:10,0,0.0,0:0,00:00:00,0,0,0:0,0,0,0:0,0:0,00:00:00,101,0.1,18:4,97,0.05,0:0,00:54:00,97,0.05,0:0,,Pirelli,,5,368,0:0
46,AC10,operator5_sl02@grpweb.com,2026-02-14 23:01:53.830,,BT-040391-0,BT- Recipe1,Shift 1,Other,Dhasade,16:20,0,0.0,0:0,00:00:00,0,0.0,0:0,76,0.03,16:50,82,0.2,17:22,103,3.29,17:31,223,15.6,20:51,219,16:50,20:50,03:59:00,0,0,0:0,0:0,0:0,00:00:00,203,0.12,20:59,75,0.1,16:53,00:00:00,0,0,0:0,0,0,0:0,0:0,00:00:00,101,0.08,22:23,94,0.05,22:59,00:35:00,94,0.05,22:59,,Pirelli,,5,399,22:59
47,AC10,operator5_sl02@grpweb.com,2026-02-14 16:19:52.446,,BT-040389-0,BT- Recipe1,Shift 2,Other,Dhasade,4:11,94,0.07,4:12,01:34:00,83,0.07,4:35,83,0.05,4:37,86,0.15,5:6,108,5.53,5:16,222,13.79,9:0,262,4:37,8:59,04:22:00,0,0,0:0,0:0,0:0,00:00:00,205,0.18,9:9,0,0.0,0:0,00:00:00,0,0,0:0,0,0,0:0,0:0,00:00:00,97,0.07,15:46,83,0.07,16:17,00:30:00,83,0.07,16:17,,Pirelli,,5,725,16:17
48,AC10,operator5_sl02@grpweb.com,2026-02-14 04:11:54.936,,BT-040387-0,BT- Recipe1,Shift 3,Gadagi,Methre,21:22,0,0.0,0:0,00:00:00,84,0.01,21:39,84,0.01,21:40,85,0.11,22:12,118,6.0,22:22,222,13.82,1:57,248,21:40,1:56,04:15:00,0,0,0:0,0:0,0:0,00:00:00,220,5.93,1:59,83,0.05,21:42,00:00:00,0,0,0:0,0,0,0:0,0:0,00:00:00,96,0.08,3:40,89,0.07,4:7,00:27:00,89,0.07,4:7,Money check ,Pirelli,Money check ,5,405,4:7
49,AC10,operator5_sl02@grpweb.com,2026-02-13 21:22:50.807,,BT-040385-0,BT- Recipe1,Shift 2,Other,Rajput,14:11,86,0.0,21:19,01:26:00,86,0.0,21:19,223,11.39,18:32,94,0.24,14:58,128,8.12,15:9,221,11.41,18:34,218,18:32,18:33,04:00:00,0,0,0:0,0:0,0:0,00:00:00,223,11.42,18:32,107,0.09,14:12,00:00:00,0,0,0:0,0,0,0:0,0:0,00:00:00,98,0.09,20:50,86,0.0,21:19,00:29:00,86,0.0,21:19,7:30pm to8:50pm money check. and unloading is no f,Pirelli,7:30pm to8:50pm money check. and unloading is no f,5,427,21:19
50,AC10,operator5_sl02@grpweb.com,2026-02-13 14:11:17.818,,BT-040383-0,BT- Recipe1,Shift 1,Other,Dixit,7:50,104,0.13,7:50,01:44:00,91,0.08,8:9,91,0.13,8:12,94,0.32,8:43,120,4.8,8:57,219,8.21,12:26,252,8:12,12:25,04:12:00,0,0,0:0,0:0,0:0,00:00:00,206,0.14,12:33,91,0.06,8:12,00:00:00,0,0,0:0,0,0,0:0,0:0,00:00:00,100,0.19,13:24,99,0.09,14:5,00:40:00,99,0.09,14:5,,Other,,5,375,14:5
51,AC10,operator5_sl02@grpweb.com,2026-02-13 07:49:05.657,,BT-040381-0,BT- Recipe1,Shift 1,Other,Dixit,1:39,0,0.0,0:0,00:00:00,0,0.0,0:0,97,0.13,2:14,94,0.15,2:41,140,7.53,2:58,222,13.79,6:13,237,2:14,6:12,03:57:00,0,0,0:0,0:0,0:0,00:00:00,210,1.24,6:18,97,0.14,2:14,00:00:00,0,0,0:0,0,0,0:0,0:0,00:00:00,101,0.13,7:16,98,0.14,7:45,00:29:00,98,0.14,7:45,,Other,,5,366,7:45
52,AC10,operator5_sl02@grpweb.com,2026-02-13 01:39:29.231,,BT-040379-0,BT- Recipe1,Shift 3,Gadagi,Dhasade,19:38,99,0.1,19:39,01:39:00,83,0.02,19:59,81,0.08,20:0,91,0.56,20:31,118,4.38,20:42,225,16.08,0:1,233,20:0,0:0,03:59:00,0,0,0:0,0:0,0:0,00:00:00,217,0.8,0:8,0,0.0,0:0,00:00:00,0,0,0:0,0,0,0:0,0:0,00:00:00,101,0.14,1:4,106,0.16,1:35,00:31:00,106,0.16,1:35,,Pirelli,,5,356,1:35
53,AC10,operator5_sl02@grpweb.com,2026-02-12 19:34:39.055,,BT-040376-0,BT- Recipe1,Shift 2,Shille,Other,12:50,106,0.01,12:51,01:46:00,93,0.05,13:24,93,0.06,13:26,98,0.16,13:57,147,6.93,14:23,224,15.69,17:0,175,13:26,16:59,03:32:00,0,0,0:0,0:0,0:0,00:00:00,222,6.01,17:1,93,0.06,13:26,00:00:00,0,0,0:0,0,0,0:0,0:0,00:00:00,104,0.09,18:29,92,0.11,19:31,01:02:00,92,0.11,19:31,,Pirelli,,5,401,19:31
54,AC10,operator5_sl02@grpweb.com,2026-02-12 12:49:59.767,,BT-040364-0,BT- Recipe1,Shift 1,Other,Dixit,6:17,0,0.0,0:0,00:00:00,0,0.0,0:0,82,0.09,6:43,89,0.07,7:15,122,4.0,7:28,217,2.5,11:23,278,6:43,11:22,04:38:00,0,0,0:0,0:0,0:0,00:00:00,209,0.18,11:27,83,0.08,6:41,00:00:00,0,0,0:0,0,0,0:0,0:0,00:00:00,103,0.08,12:11,101,0.03,0:0,00:35:00,101,0.03,0:0,,Other,,5,389,0:0
55,AC10,operator5_sl02@grpweb.com,2026-02-12 06:17:54.624,,BT-040362-0,BT- Recipe1,Shift 3,Chavan,Rajput,23:13,0,0.0,0:0,00:00:00,0,0.0,0:0,89,0.04,23:36,93,0.3,0:4,122,4.32,0:15,219,5.53,4:17,280,23:36,4:16,04:40:00,0,0,0:0,0:0,0:0,00:00:00,217,0.38,4:19,0,0.0,0:0,00:00:00,0,0,0:0,0,0,0:0,0:0,00:00:00,107,0.07,5:19,86,0.05,6:13,00:54:00,86,0.05,6:13,,Pirelli,,5,419,6:13
56,AC10,operator5_sl02@grpweb.com,2026-02-11 23:04:27.941,,BT-040359-0,BT- Recipe1,Shift 2,Other,Swami LM,16:11,109,0.03,16:34,01:49:00,109,0.03,16:35,108,0.08,16:36,106,0.36,17:4,121,4.01,17:14,223,9.53,20:45,247,16:36,20:44,04:07:00,0,0,0:0,0:0,0:0,00:00:00,217,0.57,20:49,104,0.02,23:0,00:00:00,0,0,0:0,0,0,0:0,0:0,00:00:00,100,0.07,21:42,104,0.04,22:59,01:16:00,104,0.04,22:59,,Pirelli,,5,407,22:59
57,AC10,operator5_sl02@grpweb.com,2026-02-11 16:02:04.643,,BT-040357-0,BT- Recipe1,Shift 1,Shille,Badkas,9:49,113,0.11,9:50,01:53:00,101,0.14,10:13,99,0.11,10:15,99,0.16,10:47,120,3.86,11:1,222,13.99,14:41,264,10:15,14:40,04:24:00,0,0,0:0,0:0,0:0,00:00:00,212,0.27,14:47,92,0.1,10:19,00:00:00,0,0,0:0,0,0,0:0,0:0,00:00:00,117,0.11,15:30,116,0.04,15:58,00:28:00,116,0.04,15:58,,Pirelli,,5,369,15:58
58,AC10,operator5_sl02@grpweb.com,2026-02-11 09:46:34.518,,BT-040356-0,BT- Recipe1,Shift 1,Other,Dixit,3:13,0,0.0,0:0,00:00:00,0,0.0,0:0,0,0.0,0:0,97,0.3,3:46,114,5.33,3:53,220,12.25,7:42,267,0:0,7:41,04:27:00,0,0,0:0,0:0,0:0,00:00:00,211,0.26,7:47,0,0.0,0:0,00:00:00,0,0,0:0,0,0,0:0,0:0,00:00:00,112,0.14,9:7,104,0.09,0:0,00:36:00,104,0.09,0:0,,Alfredo,,5,390,0:0
59,AC10,operator5_sl02@grpweb.com,2026-02-11 02:41:32.400,,BT-040354-0,BT- Recipe1,Shift 3,Gadagi,shinde,20:23,105,0.08,20:25,01:45:00,101,0.03,20:44,99,0.05,20:46,96,0.16,21:13,116,4.3,21:24,222,10.32,0:52,244,20:46,0:50,04:04:00,0,0,0:0,0:0,0:0,00:00:00,221,0.34,1:1,221,0.34,1:1,00:00:00,0,0,0:0,0,0,0:0,0:0,00:00:00,102,0.09,2:6,102,0.09,2:6,00:00:00,102,0.09,2:6,,Pirelli,,5,342,2:6
60,AC10,operator5_sl02@grpweb.com,2026-02-10 20:23:40.208,,BT-040351-0,BT- Recipe1,Shift 2,Other,Dhasade,14:13,0,0.0,0:0,00:00:00,99,0.09,14:30,97,0.02,14:33,100,0.23,15:2,127,4.24,15:13,223,14.51,18:52,257,14:33,18:51,04:18:00,0,0,0:0,0:0,0:0,00:00:00,217,0.6,18:55,99,0.04,14:31,00:00:00,0,0,0:0,0,0,0:0,0:0,00:00:00,101,0.09,19:55,100,0.04,20:21,00:25:00,100,0.04,20:21,,Pirelli,,5,367,20:21
61,AC10,operator5_sl02@grpweb.com,2026-02-10 14:13:52.915,,BT-040350-0,BT- Recipe1,Shift 1,Rangrez,Sapar,7:50,113,0.07,14:11,01:53:00,113,0.07,14:11,85,0.07,8:18,96,0.15,8:54,132,4.73,9:9,219,8.59,12:39,260,8:18,12:38,04:20:00,0,0,0:0,0:0,0:0,00:00:00,218,6.3,12:40,218,5.48,12:40,00:00:00,0,0,0:0,0,0,0:0,0:0,00:00:00,108,0.02,13:36,113,0.07,14:11,00:34:00,113,0.07,14:11,,Pirelli,,5,379,14:11
62,AC10,operator5_sl02@grpweb.com,2026-02-10 07:50:07.768,,BT-040348-0,BT- Recipe1,Shift 1,Rangrez,Sapar,1:1,0,0.0,0:0,00:00:00,0,0.0,0:0,0,0.0,0:0,102,0.32,1:32,139,6.09,1:49,222,14.58,5:36,273,0:0,5:35,04:33:00,0,0,0:0,0:0,0:0,00:00:00,215,3.33,5:39,0,0.0,0:0,00:00:00,0,0,0:0,0,0,0:0,0:0,00:00:00,102,0.07,7:23,93,0.08,7:46,00:22:00,93,0.08,7:46,,Pirelli,,5,405,7:46
63,AC10,operator5_sl02@grpweb.com,2026-02-10 00:37:38.338,,BT-040345-0,BT- Recipe1,Shift 3,Chavan,shinde,17:40,109,0.08,17:42,01:49:00,97,0.08,18:4,220,7.04,23:0,127,4.59,18:49,127,4.59,18:49,137,2.8,23:12,288,23:0,23:0,04:48:00,0,0,0:0,0:0,0:0,00:00:00,210,0.26,23:3,0,0.0,0:0,00:00:00,0,0,0:0,0,0,0:0,0:0,00:00:00,109,0.08,0:6,0,0.0,0:0,00:27:00,0,0.0,0:0,,Pirelli,,5,413,0:0
64,AC10,operator5_sl02@grpweb.com,2026-02-09 16:27:08.930,,BT-040344-0,BT- Recipe1,Shift 2,Other,Dixit,8:43,78,0.07,9:5,01:18:00,77,0.04,9:5,77,0.05,9:7,84,0.27,9:39,121,3.37,9:50,225,14.31,14:7,298,9:7,14:5,04:58:00,0,0,0:0,0:0,0:0,00:00:00,222,3.14,14:8,77,0.08,9:7,00:00:00,0,0,0:0,0,0,0:0,0:0,00:00:00,103,0.09,15:47,102,0.04,16:22,00:34:00,102,0.04,16:22,,Other,,5,457,16:22
65,AC10,operator5_sl02@grpweb.com,2026-02-07 07:01:20.411,,BT-040337-0,BT- Recipe1,Shift 3,Other,Dhasade,0:54,95,0.05,1:12,01:35:00,95,0.06,1:12,94,0.0,1:13,96,0.33,1:41,120,4.07,1:49,224,16.17,5:25,250,1:13,5:24,04:10:00,0,0,0:0,0:0,0:0,00:00:00,213,0.33,5:30,94,0.0,1:13,00:00:00,0,0,0:0,0,0,0:0,0:0,00:00:00,101,0.04,6:22,110,0.03,6:57,00:34:00,110,0.03,6:57,,Pirelli,,5,362,6:57
66,AC10,operator5_sl02@grpweb.com,2026-02-07 00:54:06.891,,BT-040333-0,BT- Recipe1,Shift 3,Other,Dhasade,18:40,108,0.1,18:40,01:48:00,97,0.01,18:58,95,0.06,19:1,97,0.1,19:29,139,6.27,19:45,222,15.4,23:26,263,19:1,23:24,04:23:00,0,0,0:0,0:0,0:0,00:00:00,214,0.38,23:31,214,0.38,23:31,00:00:00,0,0,0:0,0,0,0:0,0:0,00:00:00,101,0.08,0:21,0,0.0,0:0,00:30:00,0,0.0,0:0,,Pirelli,,5,371,0:0
67,AC10,operator4_sl02@grpweb.com,2026-02-06 18:40:21.909,,BT-040321-0,BT- Recipe1,Shift 1,Shille,Dixit,11:19,0,0.0,0:0,00:00:00,88,0.05,11:42,130,6.33,12:30,92,0.14,12:20,129,6.3,12:31,223,13.99,16:24,277,12:30,16:22,04:37:00,0,0,0:0,0:0,0:0,00:00:00,210,0.2,16:29,86,0.06,11:44,00:00:00,0,0,0:0,0,0,0:0,0:0,00:00:00,111,0.12,17:46,0,0.0,0:0,00:51:00,0,0.0,0:0,,Sumo Tumo,,5,438,0:0
68,AC10,operator5_sl02@grpweb.com,2026-02-06 11:19:01.116,,BT-040318-0,BT- Recipe1,Shift 1,Rangrez,Rajput,4:9,93,0.09,11:17,01:33:00,93,0.09,11:17,90,0.09,4:24,93,0.21,4:55,161,9.67,5:55,223,15.15,8:40,255,4:24,8:39,04:15:00,0,0,0:0,0:0,0:0,00:00:00,224,15.06,8:41,91,0.03,4:22,00:00:00,0,0,0:0,0,0,0:0,0:0,00:00:00,99,0.07,10:35,93,0.09,11:17,00:41:00,93,0.09,11:17,,Pirelli,,5,427,11:17
69,AC10,operator5_sl02@grpweb.com,2026-02-06 04:01:29.656,,BT-040314-0,BT- Recipe1,Shift 3,Other,Dhasade,22:10,110,0.19,22:11,01:50:00,103,0.17,22:27,100,0.18,22:29,98,0.18,22:59,125,4.63,23:10,222,15.55,2:33,242,22:29,2:32,04:02:00,0,0,0:0,0:0,0:0,00:00:00,214,1.29,2:37,110,0.19,22:10,00:00:00,0,0,0:0,0,0,0:0,0:0,00:00:00,96,0.08,3:28,95,0.08,4:0,00:32:00,95,0.08,4:0,,Pirelli,,5,349,4:0
70,AC10,operator5_sl02@grpweb.com,2026-02-05 22:09:25.838,,BT-040311-0,BT- Recipe1,Shift 2,Other,Dixit,15:55,94,0.0,16:12,01:34:00,94,0.0,16:12,94,0.01,16:15,94,0.15,16:44,135,6.25,16:56,224,15.89,20:41,264,16:15,20:40,04:24:00,0,0,0:0,0:0,0:0,00:00:00,204,0.08,20:49,94,0.01,16:14,00:00:00,0,0,0:0,0,0,0:0,0:0,00:00:00,112,0.1,21:36,0,0.0,0:0,00:31:00,0,0.0,0:0,,Pirelli,,5,372,0:0
71,AC10,operator5_sl02@grpweb.com,2026-02-05 15:53:25.110,,BT-040307-0,BT- Recipe1,Shift 2,Other,Dixit,8:51,97,0.04,15:50,01:37:00,97,0.04,15:50,81,0.09,9:23,93,0.53,9:51,117,4.39,10:0,220,14.46,13:37,226,9:23,13:36,04:13:00,0,0,0:0,0:0,0:0,00:00:00,220,14.48,13:37,114,4.28,9:58,00:00:00,0,0,0:0,0,0,0:0,0:0,00:00:00,103,0.03,15:15,97,0.04,15:50,00:34:00,97,0.04,15:50,,Sumo Tumo,,5,418,15:50
72,AC10,operator5_sl02@grpweb.com,2026-02-05 09:19:21.369,,BT-040304-0,BT- Recipe1,Shift 1,Rangrez,Ingale,2:14,109,0.01,2:16,01:49:00,104,0.06,2:37,102,0.04,2:38,98,1.95,3:2,125,5.02,3:17,223,10.86,6:40,240,2:38,6:39,04:00:00,0,0,0:0,0:0,0:0,00:00:00,215,0.3,6:43,102,0.04,2:38,00:00:00,0,0,0:0,0,0,0:0,0:0,00:00:00,111,0.09,8:11,0,0.0,0:0,00:35:00,0,0.0,0:0,Money check ,Other,Money check ,5,392,0:0
73,AC10,operator5_sl02@grpweb.com,2026-02-05 02:12:23.004,,BT-040301-0,BT- Recipe1,Shift 3,Other,Dhasade,20:25,111,0.04,20:25,01:51:00,103,0.07,20:46,97,0.11,20:49,105,1.01,21:25,133,5.91,21:36,222,15.03,0:44,233,20:49,0:43,03:53:00,0,0,0:0,0:0,0:0,00:00:00,211,0.47,0:49,101,0.06,20:48,00:00:00,0,0,0:0,0,0,0:0,0:0,00:00:00,101,0.08,1:39,102,0.03,2:9,00:29:00,102,0.03,2:9,,Pirelli,,5,343,2:9
74,AC10,operator5_sl02@grpweb.com,2026-02-04 10:33:48.369,,BT-040290-0,BT- Recipe1,Shift 1,Rangrez,shinde,4:14,94,0.02,4:41,01:34:00,93,0.09,4:42,93,0.08,4:43,93,0.15,5:6,133,5.12,5:24,223,8.39,9:4,259,4:43,9:3,04:19:00,0,0,0:0,0:0,0:0,00:00:00,222,3.28,9:5,93,0.05,4:45,00:00:00,0,0,0:0,0,0,0:0,0:0,00:00:00,101,0.07,10:0,100,0.05,10:32,00:31:00,100,0.05,10:32,,Pirelli,,5,377,10:32
75,AC10,operator5_sl02@grpweb.com,2026-02-02 22:10:13.107,,BT-040269-0,BT- Recipe1,Shift 1,Other,Ingale,16:21,94,0.08,16:34,01:34:00,90,0.06,16:41,90,0.11,16:42,99,0.11,17:15,122,4.13,17:22,219,10.18,20:41,214,16:42,20:40,03:57:00,0,0,0:0,0:0,0:0,00:00:00,219,10.13,20:41,109,0.05,16:22,00:00:00,0,0,0:0,0,0,0:0,0:0,00:00:00,105,0.07,21:43,94,0.03,22:8,00:25:00,94,0.03,22:8,,Pirelli,,5,347,22:8
76,AC10,operator4_sl02@grpweb.com,2026-02-02 10:05:59.666,,BT-040264-0,BT- Recipe1,Shift 1,Rangrez,shinde,3:40,86,0.03,10:4,01:26:00,86,0.03,10:4,86,0.08,4:0,91,0.19,4:32,131,4.56,4:44,224,11.44,8:0,238,4:0,7:59,03:58:00,0,0,0:0,0:0,0:0,00:00:00,208,0.09,8:6,87,0.08,3:59,00:00:00,0,0,0:0,0,0,0:0,0:0,00:00:00,114,0.04,9:8,86,0.03,10:4,00:55:00,86,0.03,10:4,,Pirelli,,5,384,10:4
77,AC10,operator5_sl02@grpweb.com,2026-02-02 03:38:36.578,,BT-040262-0,BT- Recipe1,Shift 1,Other,Dixit,22:10,106,0.01,22:13,01:46:00,90,0.09,22:29,88,0.08,22:30,99,0.22,23:3,132,5.38,23:15,220,13.61,2:0,120,22:30,1:59,03:28:00,0,0,0:0,0:0,0:0,00:00:00,206,0.12,2:8,105,0.07,22:11,00:00:00,0,0,0:0,0,0,0:0,0:0,00:00:00,100,0.08,3:0,0,0.0,0:0,00:36:00,0,0.0,0:0,,Other,,5,326,0:0
78,AC10,operator5_sl02@grpweb.com,2026-02-01 16:02:46.900,,BT-040254-0,BT- Recipe1,Shift 2,Other,Ingale,9:38,94,0.22,9:51,01:34:00,94,0.17,9:51,94,0.19,9:52,95,0.25,10:24,127,5.1,10:35,225,14.36,14:15,261,9:52,14:14,04:21:00,0,0,0:0,0:0,0:0,00:00:00,213,0.33,14:19,184,16.9,11:54,00:00:00,0,0,0:0,0,0,0:0,0:0,00:00:00,102,0.16,15:30,105,0.03,16:0,00:29:00,105,0.03,16:0,,Pirelli,,5,380,16:0
79,AC10,operator5_sl02@grpweb.com,2026-02-01 09:32:37.810,,BT-040250-0,BT- Recipe1,Shift 1,Shille,Dhasade,3:10,91,0.07,3:26,01:31:00,90,0.03,3:29,89,0.07,3:30,97,0.45,4:1,159,9.95,4:33,225,14.7,8:1,269,3:30,8:0,04:29:00,0,0,0:0,0:0,0:0,00:00:00,217,0.88,8:4,90,0.17,3:47,00:00:00,0,0,0:0,0,0,0:0,0:0,00:00:00,104,0.23,8:59,101,0.18,9:30,00:29:00,101,0.18,9:30,,Pirelli,,5,379,9:30
80,AC10,operator5_sl02@grpweb.com,2026-02-01 03:09:32.850,,BT-040246-0,BT- Recipe1,Shift 3,Other,Dhasade,21:2,97,0.24,21:10,01:37:00,87,0.21,21:20,86,0.15,21:22,97,0.27,21:44,139,7.81,22:5,219,6.46,1:45,261,21:22,1:44,04:21:00,0,0,0:0,0:0,0:0,00:00:00,222,4.01,1:50,86,0.15,21:22,00:00:00,0,0,0:0,0,0,0:0,0:0,00:00:00,101,0.33,2:32,102,0.29,3:6,00:34:00,102,0.29,3:6,,Pirelli,,5,364,3:6
81,AC10,operator5_sl02@grpweb.com,2026-01-31 21:01:47.866,,BT-040239-0,BT- Recipe1,Shift 2,Shille,Rajput,15:10,95,0.01,15:30,01:35:00,95,0.01,15:30,92,0.05,15:32,95,0.61,16:1,137,6.27,16:12,224,15.33,19:33,240,15:32,19:32,04:00:00,0,0,0:0,0:0,0:0,00:00:00,224,15.33,19:33,92,0.07,15:32,00:00:00,0,0,0:0,0,0,0:0,0:0,00:00:00,110,0.24,20:30,112,0.21,20:59,00:29:00,112,0.21,20:59,,Pirelli,,5,348,20:59
82,AC10,operator5_sl02@grpweb.com,2026-01-31 14:49:23.545,,BT-040237-0,BT- Recipe1,Shift 1,Rangrez,Dixit,7:51,96,0.07,8:46,01:36:00,96,0.04,8:47,96,0.0,8:49,100,0.4,9:25,132,5.0,9:32,222,16.64,12:39,135,8:49,12:38,03:49:00,0,0,0:0,0:0,0:0,00:00:00,200,0.53,12:51,96,0.05,8:48,00:00:00,0,0,0:0,0,0,0:0,0:0,00:00:00,103,0.07,14:6,0,0.0,0:0,00:42:00,0,0.0,0:0,,Pirelli,,5,416,0:0
83,AC10,operator5_sl02@grpweb.com,2026-01-31 07:50:50.566,,BT-040234-0,BT- Recipe1,Shift 1,Rangrez,Dixit,1:59,0,0.0,0:0,00:00:00,97,0.04,2:17,96,0.05,2:18,97,0.76,2:48,134,4.91,3:2,222,12.48,6:20,174,2:18,6:19,04:00:00,0,0,0:0,0:0,0:0,00:00:00,209,0.09,6:27,96,0.08,2:19,00:00:00,0,0,0:0,0,0,0:0,0:0,00:00:00,105,0.07,7:16,103,0.05,0:0,00:32:00,103,0.05,0:0,,Pirelli,,5,349,0:0
84,AC10,operator4_sl02@grpweb.com,2026-01-30 20:22:12.807,,BT-040229-0,BT- Recipe1,Shift 2,Other,Rajput,14:9,108,0.07,14:9,01:48:00,99,0.08,14:29,98,0.0,14:30,102,0.38,15:6,129,4.1,15:17,222,4.97,18:51,260,14:30,18:50,04:20:00,0,0,0:0,0:0,0:0,00:00:00,222,4.97,18:51,0,0.0,0:0,00:00:00,0,0,0:0,0,0,0:0,0:0,00:00:00,101,0.02,19:49,99,0.07,20:19,00:29:00,99,0.07,20:19,,Pirelli,,5,369,20:19
85,AC10,operator5_sl02@grpweb.com,2026-01-30 14:09:02.350,,BT-040226-0,BT- Recipe1,Shift 1,Gadagi,Dixit,7:50,90,0.04,7:53,01:30:00,85,0.06,8:13,84,0.07,8:15,85,0.35,8:43,130,4.93,9:0,222,15.89,12:42,265,8:15,12:41,04:25:00,0,0,0:0,0:0,0:0,00:00:00,211,0.62,12:47,104,0.06,14:5,00:00:00,0,0,0:0,0,0,0:0,0:0,00:00:00,100,0.04,13:36,102,0.08,14:4,00:27:00,102,0.08,14:4,,Other,,5,373,14:4
86,AC10,operator5_sl02@grpweb.com,2026-01-30 01:38:50.059,,BT-040220-0,BT- Recipe1,Shift 3,Other,Dhasade,19:31,96,0.08,19:32,01:36:00,86,0.06,19:49,86,0.08,19:50,97,0.53,20:25,148,6.75,21:8,216,15.64,0:7,255,19:50,0:6,04:15:00,0,0,0:0,0:0,0:0,00:00:00,211,4.11,0:10,0,0.0,0:0,00:00:00,0,0,0:0,0,0,0:0,0:0,00:00:00,98,0.07,0:57,0,0.0,0:0,00:38:00,0,0.0,0:0,,Pirelli,,5,365,0:0
87,AC10,operator5_sl02@grpweb.com,2026-01-29 19:30:47.680,,BT-040217-0,BT- Recipe1,Shift 2,Other,Methre,13:49,111,0.07,13:50,01:51:00,104,0.04,14:13,102,0.04,14:15,100,0.39,14:46,128,5.35,14:57,220,15.02,18:5,204,14:15,18:4,03:48:00,0,0,0:0,0:0,0:0,00:00:00,216,2.9,18:8,97,0.08,14:18,00:00:00,0,0,0:0,0,0,0:0,0:0,00:00:00,98,0.09,18:58,92,0.04,0:0,00:31:00,92,0.04,0:0,,Pirelli,,5,339,0:0
88,AC10,operator5_sl02@grpweb.com,2026-01-29 13:46:16.149,,BT-040209-0,BT- Recipe1,Shift 1,Gadagi,Dixit,7:14,106,0.16,7:16,01:46:00,96,0.2,7:38,93,0.19,7:41,94,0.25,8:16,130,5.23,8:29,225,15.75,12:14,271,7:41,12:13,04:31:00,0,0,0:0,0:0,0:0,00:00:00,206,0.33,12:20,84,0.15,7:56,00:00:00,0,0,0:0,0,0,0:0,0:0,00:00:00,101,0.22,13:8,0,0.0,0:0,00:35:00,0,0.0,0:0,,Pirelli,,5,389,0:0
89,AC10,operator5_sl02@grpweb.com,2026-01-29 07:02:26.391,,BT-040206-0,BT- Recipe1,Shift 3,Other,Dhasade,0:29,0,0.0,0:0,00:00:00,0,0.0,0:0,95,0.06,0:49,97,0.5,1:22,130,5.16,1:40,223,15.84,5:10,235,0:49,5:9,04:20:00,0,0,0:0,0:0,0:0,00:00:00,210,0.76,5:17,95,0.08,0:49,00:00:00,0,0,0:0,0,0,0:0,0:0,00:00:00,107,0.17,6:10,0,0.0,0:0,00:50:00,0,0.0,0:0,,Pirelli,,5,390,0:0
90,AC10,operator4_sl02@grpweb.com,2026-01-29 00:26:02.630,,BT-040202-0,BT- Recipe1,Shift 3,Other,Dhasade,18:46,0,0.0,0:0,00:00:00,0,0.0,0:0,0,0.0,0:0,98,0.43,19:15,128,5.22,19:23,220,3.31,22:59,236,0:0,22:58,04:11:00,0,0,0:0,0:0,0:0,00:00:00,220,2.37,22:59,0,0.0,0:0,00:00:00,0,0,0:0,0,0,0:0,0:0,00:00:00,109,0.02,23:56,100,0.03,0:0,00:27:00,100,0.03,0:0,,Pirelli,,5,337,0:0
91,AC10,operator5_sl02@grpweb.com,2026-01-28 18:21:28.629,,BT-040200-0,BT- Recipe1,Shift 2,Chavan,shinde,10:1,110,0.11,10:2,01:50:00,97,0.11,10:17,87,0.16,12:50,101,0.29,13:24,140,7.54,13:38,224,13.81,17:1,243,12:50,17:0,04:08:00,0,0,0:0,0:0,0:0,00:00:00,222,5.48,17:2,0,0.1,10:20,00:00:00,0,0,0:0,0,0,0:0,0:0,00:00:00,106,0.28,17:55,0,0.0,0:0,00:23:00,0,0.0,0:0,,Pirelli,,5,497,0:0
92,AC10,operator4_sl02@grpweb.com,2026-01-28 10:01:01.866,,BT-040197-0,BT- Recipe1,Shift 1,Rangrez,Dixit,3:42,91,0.11,3:58,01:31:00,91,0.09,3:58,90,0.0,4:0,93,0.66,4:30,117,4.38,4:40,221,15.01,7:59,238,4:0,7:58,03:58:00,0,0,0:0,0:0,0:0,00:00:00,211,0.38,8:3,0,0.0,0:0,00:00:00,0,0,0:0,0,0,0:0,0:0,00:00:00,107,0.1,9:0,102,0.09,9:55,00:54:00,102,0.09,9:55,,Pirelli,,5,372,9:55
93,AC10,operator5_sl02@grpweb.com,2026-01-27 22:18:32.715,,BT-040187-0,BT- Recipe1,Shift 2,Chavan,shinde,16:55,0,0.0,0:0,00:00:00,0,0.0,0:0,0,0.0,0:0,92,0.2,17:23,177,16.67,18:33,228,12.52,20:54,163,0:0,20:53,03:58:00,0,0,0:0,0:0,0:0,00:00:00,227,10.33,20:55,110,0.05,22:17,00:00:00,0,0,0:0,0,0,0:0,0:0,00:00:00,102,0.1,21:48,108,0.01,22:15,00:26:00,108,0.01,22:15,,Pirelli,,5,320,22:15
94,AC10,operator5_sl02@grpweb.com,2026-01-27 16:33:06.135,,BT-040184-0,BT- Recipe1,Shift 2,Chavan,shinde,8:15,0,0.0,0:0,00:00:00,0,0.0,0:0,41,0.07,8:16,60,0.3,9:1,95,5.75,9:14,219,5.73,13:36,316,8:16,13:33,05:16:00,0,0,0:0,0:0,0:0,00:00:00,217,2.71,13:37,0,0.0,0:0,00:00:00,0,0,0:0,0,0,0:0,0:0,00:00:00,103,0.04,15:30,94,0.06,16:27,00:57:00,94,0.06,16:27,,Pirelli,,5,491,16:27
95,AC10,operator5_sl02@grpweb.com,2026-01-26 04:12:06.506,,BT-040182-0,BT- Recipe1,Shift 3,Gadagi,Methre,22:29,113,0.0,22:30,01:53:00,99,0.05,22:48,99,0.0,22:50,101,0.71,23:20,129,5.2,23:31,227,14.75,2:43,231,22:50,2:42,03:51:00,0,0,0:0,0:0,0:0,00:00:00,224,2.0,2:45,106,0.01,22:49,00:00:00,0,0,0:0,0,0,0:0,0:0,00:00:00,108,0.09,3:37,105,0.03,4:9,00:32:00,105,0.03,4:9,,Pirelli,,5,339,4:9
96,AC10,operator5_sl02@grpweb.com,2026-01-25 22:29:02.804,,BT-040179-0,BT- Recipe1,Shift 2,Gadagi,Dhasade,17:2,114,0.03,17:2,01:54:00,99,0.16,17:21,98,0.07,17:22,103,0.77,17:53,136,6.38,18:2,210,0.14,21:8,224,17:22,21:7,03:44:00,0,0,0:0,0:0,0:0,00:00:00,213,0.1,21:6,99,0.06,17:22,00:00:00,0,0,0:0,0,0,0:0,0:0,00:00:00,113,0.07,21:53,109,0.03,0:0,00:34:00,109,0.03,0:0,,Pirelli,,5,325,0:0
97,AC10,operator5_sl02@grpweb.com,2026-01-25 17:01:32.771,,BT-040176-0,BT- Recipe1,Shift 2,Other,Dhasade,11:10,104,0.03,11:10,01:44:00,92,0.07,11:27,89,0.08,11:30,133,5.7,12:14,137,6.24,12:18,227,15.87,15:26,219,11:30,15:25,03:54:00,0,0,0:0,0:0,0:0,00:00:00,212,0.09,15:32,91,0.09,11:30,00:00:00,0,0,0:0,0,0,0:0,0:0,00:00:00,111,0.18,16:27,108,0.01,16:58,00:30:00,108,0.01,16:58,,Pirelli,,5,348,16:58
98,AC10,operator5_sl02@grpweb.com,2026-01-25 11:09:21.210,,BT-040172-0,BT- Recipe1,Shift 1,Other,Dixit,5:9,94,0.08,5:11,01:34:00,85,0.0,5:28,84,0.04,5:29,92,1.14,6:2,123,4.75,6:10,224,15.69,9:30,213,5:29,9:29,03:58:00,0,0,0:0,0:0,0:0,00:00:00,209,0.12,9:36,0,0.0,0:0,00:00:00,0,0,0:0,0,0,0:0,0:0,00:00:00,104,0.02,10:30,98,0.07,11:5,00:35:00,98,0.07,11:5,,Pirelli,,5,355,11:5
99,AC10,operator5_sl02@grpweb.com,2026-01-25 05:08:01.088,,BT-040169-0,BT- Recipe1,Shift 3,Gadagi,Methre,23:10,0,0.0,0:0,0:0,90,0.14,23:31,90,0.1,23:33,95,0.36,0:4,130,5.35,0:15,223,15.35,3:35,212,23:33,3:34,04:01:00,0,0,0:0,0:0,0:0,00:00:00,220,3.53,3:38,0,0.0,0:0,00:00:00,0,0,0:0,0,0,0:0,0:0,00:00:00,96,0.04,4:28,0,0.0,0:0,00:37:00,0,0.0,0:0,,Pirelli,,5,355,0:0
100,AC10,operator5_sl02@grpweb.com,2026-01-24 23:02:28.761,,BT-040162-0,BT- Recipe1,Shift 2,Other,Dhasade,17:2,98,0.07,17:24,23:0,98,0.03,17:25,96,0.01,17:26,97,0.21,17:51,127,5.15,18:0,226,15.12,21:28,211,17:26,21:27,04:01:00,0,0,0:0,0:0,0:0,00:00:00,217,0.87,21:32,111,0.11,17:26,00:00:00,0,0,0:0,0,0,0:0,0:0,00:00:00,101,0.15,22:16,111,0.15,23:0,00:43:00,111,0.15,23:0,,Pirelli,,5,357,23:0
101,AC10,operator5_sl02@grpweb.com,2026-01-24 17:01:16.770,,BT-040161-0,BT- Recipe1,Shift 2,Other,Dhasade,11:10,94,0.09,11:30,0:0,93,0.1,11:30,91,0.12,11:33,88,0.13,11:59,125,4.31,12:12,226,17.2,15:34,234,11:33,15:33,04:00:00,0,0,0:0,0:0,0:0,00:00:00,218,1.66,15:37,92,0.07,11:32,00:00:00,0,0,0:0,0,0,0:0,0:0,00:00:00,100,0.06,16:24,104,0.04,0:0,00:35:00,104,0.04,0:0,,Pirelli,,5,349,0:0
102,AC10,operator5_sl02@grpweb.com,2026-01-24 11:09:33.308,,BT-040154-0,BT- Recipe1,Shift 1,Other,Dixit,4:1,98,0.05,4:2,0:0,90,0.03,4:20,84,0.08,4:52,97,0.27,5:26,129,4.6,5:36,225,15.57,9:11,258,4:52,9:10,04:18:00,0,0,0:0,0:0,0:0,00:00:00,205,0.58,9:19,0,0.0,0:0,00:00:00,0,0,0:0,0,0,0:0,0:0,00:00:00,102,0.15,10:39,96,0.08,0:0,00:28:00,96,0.08,0:0,,Other,,5,426,0:0
103,AC10,operator5_sl02@grpweb.com,2026-01-24 04:00:50.580,,BT-040152-0,BT- Recipe1,Shift 3,Gadagi,Methre,22:1,103,0.05,22:22,3:58,103,0.0,22:22,95,0.05,22:38,100,0.32,23:6,131,5.03,23:16,226,15.55,2:15,131,22:38,2:14,03:36:00,0,0,0:0,0:0,0:0,00:00:00,219,1.29,2:18,95,0.0,22:38,00:00:00,0,0,0:0,0,0,0:0,0:0,00:00:00,100,0.19,3:20,92,0.05,3:58,00:38:00,92,0.05,3:58,,Pirelli,,5,356,3:58
104,AC10,operator5_sl02@grpweb.com,2026-01-23 21:59:08.410,,BT-040146-0,BT- Recipe1,Shift 2,Other,Dhasade,15:54,0,0.0,0:0,0:0,91,0.12,16:13,88,0.06,16:41,110,0.33,17:33,142,6.06,17:45,225,13.96,20:12,94,16:41,20:11,03:35:00,0,0,0:0,0:0,0:0,00:00:00,216,1.48,20:15,216,1.48,20:15,00:00:00,0,0,0:0,0,0,0:0,0:0,00:00:00,120,0.18,21:16,0,0.0,0:0,00:40:00,0,0.0,0:0,,Pirelli,,5,362,0:0
105,AC10,operator5_sl02@grpweb.com,2026-01-23 08:39:05.913,,BT-040141-0,BT- Recipe1,Shift 1,Other,Dixit,1:40,94,0.05,1:42,0:0,85,0.04,2:3,80,0.11,2:29,91,0.3,3:0,122,5.06,3:10,222,14.31,6:22,169,2:29,6:21,03:52:00,0,0,0:0,0:0,0:0,00:00:00,220,2.99,6:27,0,0.0,0:0,00:00:00,0,0,0:0,0,0,0:0,0:0,00:00:00,103,0.07,7:59,0,0.0,0:0,00:37:00,0,0.0,0:0,,Pirelli,,5,416,0:0
106,AC10,operator5_sl02@grpweb.com,2026-01-23 01:40:22.379,,BT-040138-0,BT- Recipe1,Shift 3,Gadagi,Methre,19:10,102,0.07,19:25,0:0,100,0.18,19:28,92,0.14,19:59,92,0.39,20:27,130,5.28,20:44,227,14.65,23:25,70,19:59,23:24,03:24:00,0,0,0:0,0:0,0:0,00:00:00,223,2.15,23:27,112,0.03,19:11,00:00:00,0,0,0:0,0,0,0:0,0:0,00:00:00,99,0.04,1:0,0,0.0,0:0,00:37:00,0,0.0,0:0,,Other,,5,386,0:0
107,AC10,operator10_sl02@grpweb.com,2026-01-22 19:09:53.481,,BT-040135-0,BT- Recipe1,Shift 2,Other,Dhasade,13:50,115,0.07,13:51,0:0,105,0.05,14:8,97,0.08,14:13,99,0.8,14:40,136,5.9,15:3,224,10.93,17:47,110,14:13,17:46,03:32:00,0,0,0:0,0:0,0:0,00:00:00,217,0.5,17:50,114,0.04,13:50,00:00:00,0,0,0:0,0,0,0:0,0:0,00:00:00,102,0.1,18:37,0,0.0,0:0,00:30:00,0,0.0,0:0,,Pirelli,,5,318,0:0
108,AC10,operator10_sl02@grpweb.com,2026-01-22 13:48:32.989,,BT-040133-0,BT- Recipe1,Shift 1,Rangrez,Dixit,8:0,85,0.06,8:18,0:0,85,0.04,8:18,80,0.04,8:23,89,0.38,8:58,133,5.4,9:11,226,17.27,12:21,171,8:23,12:20,03:57:00,0,0,0:0,0:0,0:0,00:00:00,209,0.17,12:29,209,0.17,12:29,00:00:00,0,0,0:0,0,0,0:0,0:0,00:00:00,126,0.14,13:17,0,0.0,0:0,00:30:00,0,0.0,0:0,,Other,,5,346,0:0
109,AC10,operator4_sl02@grpweb.com,2026-01-22 07:58:02.829,,BT-040130-0,BT- Recipe1,Shift 1,Rangrez,Dixit,0:9,86,0.01,7:53,7:53,86,0.01,7:53,227,14.42,4:52,87,0.39,0:29,210,15.29,4:24,225,11.53,4:53,278,4:52,4:52,04:42:00,0,0,0:0,0:0,0:0,00:00:00,226,12.91,4:53,0,0.0,0:0,00:00:00,0,0,0:0,0,0,0:0,0:0,00:00:00,100,0.04,7:15,86,0.01,7:53,00:38:00,86,0.01,7:53,,Pirelli,,5,464,7:53
110,AC10,operator4_sl02@grpweb.com,2026-01-21 23:46:20.769,,BT-040128-0,BT- Recipe1,Shift 3,Gadagi,shinde,17:6,121,0.02,17:8,0:0,107,0.07,17:25,103,0.0,18:21,106,0.77,18:52,132,5.38,19:3,220,16.92,21:53,159,18:21,21:52,03:30:00,0,0,0:0,0:0,0:0,00:00:00,208,0.23,21:57,106,0.07,17:46,00:00:00,0,0,0:0,0,0,0:0,0:0,00:00:00,104,0.07,23:19,0,0.0,0:0,00:24:00,0,0.0,0:0,,Pirelli,,5,397,0:0
111,AC10,operator10_sl02@grpweb.com,2026-01-21 17:06:05.565,,BT-040125-0,BT- Recipe1,Shift 2,Other,Dhasade,23:16,111,0.08,23:16,0:0,104,0.08,23:34,91,0.13,23:42,96,0.27,0:5,133,5.77,0:19,225,16.25,3:24,140,23:42,3:23,03:41:00,0,0,0:0,0:0,0:0,00:00:00,214,0.65,3:30,91,0.08,23:41,00:00:00,0,0,0:0,0,0,0:0,0:0,00:00:00,104,0.04,16:35,0,0.0,0:0,00:28:00,0,0.0,0:0,,Pirelli,,5,349,0:0
112,AC10,operator10_sl02@grpweb.com,2026-01-21 11:07:27.052,,BT-040123-0,BT- Recipe1,Shift 1,Rangrez,Dixit,17:54,0,0.0,0:0,0:0,0,0.0,0:0,99,0.0,17:55,101,1.99,18:25,138,7.91,18:33,220,15.34,21:25,129,17:55,21:24,03:28:00,0,0,0:0,0:0,0:0,00:00:00,205,0.19,21:32,0,0.0,0:0,00:00:00,0,0,0:0,0,0,0:0,0:0,00:00:00,117,0.07,22:32,103,0.06,0:0,00:36:00,103,0.06,0:0,,Pirelli,,5,313,0:0
113,AC10,operator10_sl02@grpweb.com,2026-01-21 05:25:02.586,,BT-040120-0,BT- Recipe1,Shift 3,Gadagi,shinde,12:6,118,0.04,12:6,17:24,104,0.12,12:19,103,0.01,12:21,101,0.72,12:48,180,15.56,13:44,217,15.31,15:49,170,12:21,15:48,03:27:00,0,0,0:0,0:0,0:0,00:00:00,198,0.05,15:55,200,0.16,15:54,00:00:00,0,0,0:0,0,0,0:0,0:0,00:00:00,103,0.07,16:54,103,0.07,17:24,00:30:00,103,0.07,17:24,,Pirelli,,5,318,17:24
114,AC10,operator10_sl02@grpweb.com,2026-01-21 00:00:43.014,,BT-040118-0,BT- Recipe1,Shift 3,Gadagi,shinde,6:32,101,0.0,6:47,11:59,95,0.03,6:52,94,0.0,6:53,95,0.49,7:16,121,4.44,7:29,221,18.16,10:25,189,6:53,10:24,03:30:00,0,0,0:0,0:0,0:0,00:00:00,208,1.16,10:29,95,0.0,6:53,00:00:00,0,0,0:0,0,0,0:0,0:0,00:00:00,116,0.07,11:30,110,0.08,11:59,00:28:00,110,0.08,11:59,,Pirelli,,5,326,11:59
115,AC10,operator10_sl02@grpweb.com,2026-01-20 18:29:40.901,,BT-07579-0,BT- Recipe1,Shift 2,Other,Dhasade,9:0,99,0.07,9:3,6:27,80,0.07,9:31,146,0.17,3:21,154,2.97,3:28,172,11.31,3:40,189,9.33,4:15,320,3:21,4:14,05:20:00,0,0,0:0,0:0,0:0,00:00:00,179,0.49,4:18,147,0.19,3:21,00:00:00,0,0,0:0,0,0,0:0,0:0,00:00:00,104,0.03,5:53,102,0.04,6:27,00:34:00,102,0.04,6:27,,Pirelli,,5,558,6:27
116,AC10,operator4_sl02@grpweb.com,2026-01-20 08:57:45.169,,BT-07578-0,BT- Recipe1,Shift 1,Rangrez,Methre,1:37,0,0.0,0:0,0:0,0,0.0,0:0,0,0.0,0:0,93,1.65,2:9,123,10.59,2:35,233,13.62,5:59,261,0:0,5:58,04:21:00,0,0,0:0,0:0,0:0,00:00:00,215,0.07,6:9,0,0.0,0:0,00:00:00,0,0,0:0,0,0,0:0,0:0,00:00:00,117,0.07,7:40,0,0.0,0:0,01:09:00,0,0.0,0:0,,Other,,5,432,0:0
117,AC10,operator5_sl02@grpweb.com,2026-01-15 09:05:19.757,,BT-07572-0,BT- Recipe1,Shift 1,Suryvanshi,Rajput,2:40,103,0.16,8:56,8:56,103,0.16,8:56,91,0.08,3:8,95,1.46,3:36,111,3.61,3:43,227,15.45,6:55,214,3:8,6:54,03:45:00,0,0,0:0,0:0,0:0,00:00:00,215,0.19,7:1,215,0.19,7:1,00:00:00,0,0,0:0,0,0,0:0,0:0,00:00:00,121,0.04,8:1,103,0.16,8:56,00:55:00,103,0.16,8:56,,Pirelli,,5,376,8:56
118,AC10,operator5_sl02@grpweb.com,2026-01-15 02:45:28.527,,BT-07572-0,BT- Recipe1,Shift 3,Other,Dhasade,19:58,125,0.0,19:59,2:35,103,0.0,20:25,103,0.08,20:27,114,0.43,21:10,149,7.1,21:22,220,9.04,0:23,109,20:27,0:22,03:54:00,0,0,0:0,0:0,0:0,00:00:00,213,0.12,0:26,0,0.0,0:0,00:00:00,0,0,0:0,0,0,0:0,0:0,00:00:00,100,0.05,1:50,101,0.07,2:35,00:45:00,101,0.07,2:35,,Pirelli,,5,397,2:35
119,AC10,operator5_sl02@grpweb.com,2026-01-14 20:01:39.695,,BT-07571-0,BT- Recipe1,Shift 2,Gadagi,Dixit,14:38,0,0.0,0:0,19:52,0,0.0,0:0,0,0.0,0:0,107,0.19,15:9,130,4.19,15:20,221,0.1,18:42,197,0:0,18:41,04:02:00,0,0,0:0,0:0,0:0,00:00:00,218,0.05,18:43,0,0.0,0:0,00:00:00,0,0,0:0,0,0,0:0,0:0,00:00:00,107,0.08,19:16,115,0.0,19:52,00:35:00,115,0.0,19:52,,Pirelli,,5,314,19:52
120,AC10,operator5_sl02@grpweb.com,2026-01-12 09:52:21.212,,BT-040088-0,BT- Recipe1,Shift 1,Rangrez,shinde,3:10,0,0.0,0:0,9:34,0,0.0,0:0,0,0.0,0:0,103,0.81,3:17,133,6.03,3:25,227,17.87,6:10,155,0:0,6:9,02:58:00,0,0,0:0,0:0,0:0,00:00:00,213,0.05,6:16,0,0.0,0:0,00:00:00,0,0,0:0,0,0,0:0,0:0,00:00:00,101,0.06,9:8,94,0.03,9:34,00:25:00,94,0.03,9:34,,Pirelli,,5,383,9:34
121,AC10,operator5_sl02@grpweb.com,2026-01-11 22:00:10.878,,BT-07545-0,BT- Recipe1,Shift 2,Other,Methre,16:30,110,0.01,16:30,0:0,93,0.0,16:57,92,0.05,16:58,102,0.65,17:31,132,5.94,17:42,223,12.03,20:22,118,16:58,20:21,03:22:00,0,0,0:0,0:0,0:0,00:00:00,222,2.17,20:24,222,2.17,20:24,00:00:00,0,0,0:0,0,0,0:0,0:0,00:00:00,109,0.01,21:21,110,0.01,0:0,00:30:00,110,0.01,0:0,,Other,,5,322,0:0
122,AC10,operator5_sl02@grpweb.com,2026-01-11 09:06:40.004,,BT-040073-0,BT- Recipe1,Shift 1,Rangrez,Dhasade,3:48,112,0.03,3:49,0:0,100,0.02,4:8,98,0.0,4:10,96,0.08,4:38,131,5.18,4:50,223,16.88,7:30,198,4:10,7:29,03:18:00,0,0,0:0,0:0,0:0,00:00:00,219,14.51,7:31,0,0.0,0:0,00:00:00,0,0,0:0,0,0,0:0,0:0,00:00:00,122,0.03,8:29,0,0.0,0:0,00:29:00,0,0.0,0:0,,Pirelli,,5,310,0:0
123,AC10,operator5_sl02@grpweb.com,2026-01-11 03:47:56.112,,BT-040068-0,BT- Recipe1,Shift 3,Gadagi,Dixit,22:10,110,0.04,22:10,0:0,87,0.03,22:30,87,0.02,22:31,104,0.69,23:1,143,6.51,23:18,225,16.94,2:5,204,22:31,2:4,03:33:00,0,0,0:0,0:0,0:0,00:00:00,202,0.07,2:13,93,0.21,22:45,00:00:00,0,0,0:0,0,0,0:0,0:0,00:00:00,104,0.04,3:8,103,0.02,0:0,00:32:00,103,0.02,0:0,,Pirelli,,5,330,0:0
124,AC10,operator5_sl02@grpweb.com,2026-01-10 16:19:12.870,,BT-040059-0,BT- Recipe1,Shift 2,Other,Tamplur,10:35,96,0.15,10:38,0:0,93,0.15,10:49,93,0.12,10:50,92,0.23,11:12,128,5.55,11:23,223,15.49,14:22,202,10:50,14:21,03:30:00,0,0,0:0,0:0,0:0,00:00:00,206,0.15,14:26,122,5.17,11:18,00:00:00,0,0,0:0,0,0,0:0,0:0,00:00:00,115,0.09,15:39,0,0.0,0:0,00:31:00,0,0.0,0:0,,Pirelli,,5,335,0:0
125,AC10,operator5_sl02@grpweb.com,2026-01-10 10:30:37.748,,BT-040055-0,BT- Recipe1,Shift 1,Rangrez,Dhasade,5:0,110,0.14,5:2,0:0,102,0.03,5:19,99,0.08,5:22,101,0.13,5:51,125,6.17,6:2,221,12.95,8:52,209,5:22,8:51,03:29:00,0,0,0:0,0:0,0:0,00:00:00,207,0.31,8:59,94,0.05,5:24,00:00:00,0,0,0:0,0,0,0:0,0:0,00:00:00,112,0.12,9:51,0,0.0,0:0,00:30:00,0,0.0,0:0,,Pirelli,,5,321,0:0
126,AC10,operator5_sl02@grpweb.com,2026-01-10 05:05:14.869,,BT-040051-0,BT- Recipe1,Shift 3,Gadagi,Dixit,23:39,97,0.07,23:57,0:0,96,0.04,23:57,94,0.04,0:0,98,0.75,0:30,131,5.48,0:42,224,16.93,3:34,213,0:0,3:33,03:33:00,0,0,0:0,0:0,0:0,00:00:00,205,0.1,3:44,0,0.0,0:0,00:00:00,0,0,0:0,0,0,0:0,0:0,00:00:00,108,0.11,4:27,0,0.0,0:0,00:31:00,0,0.0,0:0,,Pirelli,,5,319,0:0
127,AC10,operator5_sl02@grpweb.com,2026-01-09 23:42:47.987,,BT-040048-0,BT- Recipe1,Shift 3,Gadagi,Dixit,18:10,109,0.06,18:11,23:36,96,0.05,18:29,95,0.08,18:30,100,0.51,18:58,120,3.47,19:19,227,14.83,22:13,221,18:30,22:12,03:41:00,0,0,0:0,0:0,0:0,00:00:00,221,1.6,22:16,0,0.0,0:0,00:00:00,0,0,0:0,0,0,0:0,0:0,00:00:00,99,0.06,23:11,102,0.08,23:36,00:25:00,102,0.08,23:36,,Pirelli,,5,325,23:36
128,AC10,operator5_sl02@grpweb.com,2026-01-09 11:32:59.929,,BT-040039-0,BT- Recipe1,Shift 1,Shille,Dhasade,6:9,108,0.06,6:9,11:26,99,0.05,6:26,92,0.09,6:29,95,0.69,6:59,130,4.89,7:15,226,17.56,9:58,207,6:29,9:57,03:27:00,0,0,0:0,0:0,0:0,00:00:00,214,1.17,10:8,97,0.06,6:28,00:00:00,0,0,0:0,0,0,0:0,0:0,00:00:00,106,0.07,10:54,110,0.17,11:26,00:31:00,110,0.17,11:26,,Pirelli,,5,316,11:26
129,AC10,operator5_sl02@grpweb.com,2026-01-09 06:12:03.985,,BT-040036-0,BT- Recipe1,Shift 3,Gadagi,Dixit,0:49,113,0.03,0:50,6:4,102,0.03,1:13,99,0.03,1:15,100,0.86,1:45,136,6.61,1:57,225,16.09,4:40,200,1:15,4:39,03:23:00,0,0,0:0,0:0,0:0,00:00:00,209,0.04,4:46,97,0.02,1:15,00:00:00,0,0,0:0,0,0,0:0,0:0,00:00:00,115,0.11,5:39,100,0.1,6:4,00:25:00,100,0.1,6:4,,Other,,5,315,6:4
130,AC10,operator5_sl02@grpweb.com,2026-01-09 00:53:50.291,,BT-07532-0,BT- Recipe1,Shift 3,Gadagi,Dixit,18:40,90,0.03,18:41,0:0,78,0.02,19:21,77,0.02,19:23,85,0.59,19:54,112,4.02,20:5,222,16.01,23:2,217,19:23,23:1,03:37:00,0,0,0:0,0:0,0:0,00:00:00,208,0.08,23:8,0,0.0,0:0,00:00:00,0,0,0:0,0,0,0:0,0:0,00:00:00,121,0.07,0:17,108,0.05,0:0,00:29:00,108,0.05,0:0,,Other,,5,366,0:0
131,AC10,operator5_sl02@grpweb.com,2026-01-08 11:29:55.267,,BT-040029-0,BT- Recipe1,Shift 1,Rangrez,Dhasade,5:29,105,0.07,5:29,11:23,93,0.09,5:45,91,0.0,5:49,91,0.6,6:18,125,5.05,6:29,225,13.75,9:26,210,5:49,9:25,03:36:00,0,0,0:0,0:0,0:0,00:00:00,213,0.47,9:29,0,0.0,0:0,00:00:00,0,0,0:0,0,0,0:0,0:0,00:00:00,119,0.1,10:54,104,0.11,11:23,00:28:00,104,0.11,11:23,,Pirelli,,5,354,11:23
132,AC10,operator5_sl02@grpweb.com,2026-01-07 09:37:40.082,,BT-040024-0,BT- Recipe1,Shift 1,Shille,Dhasade,3:19,87,0.0,3:49,9:0,87,0.04,3:49,86,0.08,3:50,92,0.58,4:21,129,6.87,4:31,222,12.81,7:59,247,3:50,7:58,04:07:00,0,0,0:0,0:0,0:0,00:00:00,214,0.31,8:2,0,0.0,0:0,00:00:00,0,0,0:0,0,0,0:0,0:0,00:00:00,99,0.11,8:58,98,0.14,9:0,00:02:00,98,0.14,9:0,,Pirelli,,5,341,9:0
133,AC10,operator5_sl02@grpweb.com,2026-01-07 03:17:25.723,,BT-040020-0,BT- Recipe1,Shift 3,Shille,Methre,22:1,0,0.0,0:0,3:9,0,0.0,0:0,92,0.03,22:1,92,0.12,22:25,134,5.15,22:41,223,14.58,1:39,216,22:1,1:38,03:36:00,0,0,0:0,0:0,0:0,00:00:00,215,1.15,1:42,0,0.0,0:0,00:00:00,0,0,0:0,0,0,0:0,0:0,00:00:00,106,0.06,2:36,92,0.06,3:9,00:33:00,92,0.06,3:9,,Pirelli,,5,308,3:9
134,AC10,operator5_sl02@grpweb.com,2026-01-06 21:41:58.036,,BT-040016-0,BT- Recipe1,Shift 2,Gadagi,shinde,16:25,0,0.0,0:0,21:35,0,0.0,0:0,0,0.0,0:0,73,0.33,16:55,74,6.04,17:3,221,12.52,19:54,207,0:0,19:53,03:27:00,0,0,0:0,0:0,0:0,00:00:00,221,11.42,19:54,0,0.0,0:0,00:00:00,0,0,0:0,0,0,0:0,0:0,00:00:00,98,0.04,20:56,95,0.07,21:35,00:38:00,95,0.07,21:35,,Pirelli,,5,308,21:35
135,AC10,operator5_sl02@grpweb.com,2026-01-05 15:49:56.817,,BT-040005-0,BT- Recipe1,Shift 2,Gadagi,shinde,10:39,82,0.1,10:40,15:39,79,0.08,11:4,79,0.0,11:7,77,0.21,11:37,124,5.83,11:48,199,12.34,14:25,161,11:7,14:24,03:16:00,0,0,0:0,0:0,0:0,00:00:00,191,0.31,14:29,0,0.0,0:0,00:00:00,0,0,0:0,0,0,0:0,0:0,00:00:00,112,0.02,15:12,87,0.04,15:39,00:26:00,87,0.04,15:39,,Pirelli,,5,299,15:39
136,AC10,operator5_sl02@grpweb.com,2026-01-05 10:41:33.045,,BT-040004-0,BT- Recipe1,Shift 1,Rangrez,Dixit,5:30,94,0.07,5:33,10:33,93,0.08,5:38,92,0.03,5:39,99,0.32,6:18,121,5.31,6:24,205,17.22,9:3,199,5:39,9:2,03:22:00,0,0,0:0,0:0,0:0,00:00:00,192,0.95,9:10,93,0.04,5:39,00:00:00,0,0,0:0,0,0,0:0,0:0,00:00:00,109,0.34,9:56,78,0.09,10:33,00:37:00,78,0.09,10:33,,Other,,5,302,10:33
137,AC10,operator5_sl02@grpweb.com,2026-01-05 00:04:02.555,,BT-040001-0,BT- Recipe1,Shift 3,Other,Dhasade,19:11,119,0.09,19:12,0:0,94,0.0,19:29,99,0.05,19:30,107,0.21,20:2,120,4.8,20:13,205,15.64,22:43,142,19:30,22:42,03:11:00,0,0,0:0,0:0,0:0,00:00:00,201,5.72,22:45,0,0.0,0:0,00:00:00,0,0,0:0,0,0,0:0,0:0,00:00:00,110,0.23,23:30,0,0.0,0:0,00:25:00,0,0.0,0:0,,Pirelli,,5,285,0:0
138,AC10,operator5_sl02@grpweb.com,2026-01-04 01:45:28.935,,BT-039994-0,BT- Recipe1,Shift 3,Other,Dhasade,20:24,70,0.01,20:39,1:35,70,0.07,20:39,70,0.03,20:40,75,0.19,21:10,120,6.39,21:19,207,15.38,0:13,157,20:40,0:12,03:31:00,0,0,0:0,0:0,0:0,00:00:00,197,2.03,0:16,208,15.37,0:13,00:00:00,0,0,0:0,0,0,0:0,0:0,00:00:00,122,0.06,1:8,124,0.21,1:35,00:26:00,124,0.21,1:35,,Pirelli,,5,310,1:35
139,AC10,operator5_sl02@grpweb.com,2026-01-03 20:28:16.952,,BT-039988-0,BT- Recipe1,Shift 2,Gadagi,Methre,9:39,85,0.17,9:41,20:21,82,0.22,9:59,81,0.17,10:1,86,0.23,10:35,103,8.69,10:46,193,13.3,13:21,198,10:1,13:20,03:18:00,0,0,0:0,0:0,0:0,00:00:00,186,0.1,13:27,0,0.0,0:0,00:00:00,0,0,0:0,0,0,0:0,0:0,00:00:00,117,0.22,14:24,69,0.02,20:21,05:56:00,69,0.02,20:21,,Pirelli,,5,641,20:21
140,AC10,operator5_sl02@grpweb.com,2026-01-03 02:42:07.854,,BT-039982-0,BT- Recipe1,Shift 3,Other,Dhasade,21:2,92,0.09,21:19,0:0,91,0.07,21:19,91,0.0,21:20,95,0.72,21:48,107,5.81,21:59,201,15.25,0:58,210,21:20,0:57,03:36:00,0,0,0:0,0:0,0:0,00:00:00,197,5.51,0:59,0,0.0,0:0,00:00:00,0,0,0:0,0,0,0:0,0:0,00:00:00,106,0.2,1:58,102,0.25,0:0,00:37:00,102,0.25,0:0,,Pirelli,,5,333,0:0
141,AC10,operator5_sl02@grpweb.com,2026-01-02 21:06:18.413,,BT-039980-0,BT- Recipe1,Shift 1,Shille,Methre,15:10,0,0.0,0:0,20:59,104,0.23,15:29,103,0.27,15:30,106,0.32,16:0,121,6.87,16:12,207,14.39,19:18,226,15:30,19:17,03:46:00,0,0,0:0,0:0,0:0,00:00:00,204,4.65,19:19,0,0.0,0:0,00:00:00,0,0,0:0,0,0,0:0,0:0,00:00:00,100,0.2,20:18,95,0.06,20:59,00:41:00,95,0.06,20:59,,Pirelli,,5,348,20:59
142,AC10,operator5_sl02@grpweb.com,2026-01-02 15:01:56.418,,BT-039978-0,BT- Recipe1,Shift 1,Shille,Dixit,9:29,104,0.26,9:31,14:55,102,0.28,9:48,102,0.28,9:50,101,0.36,10:22,127,8.13,10:40,208,17.41,13:26,215,9:50,13:25,03:35:00,0,0,0:0,0:0,0:0,00:00:00,200,0.24,13:31,102,0.28,9:50,00:00:00,0,0,0:0,0,0,0:0,0:0,00:00:00,110,0.19,14:18,118,0.24,14:55,00:36:00,118,0.24,14:55,,Pirelli,,5,325,14:55
143,AC10,operator5_sl02@grpweb.com,2026-01-02 08:51:39.731,,BT-039976-0,BT- Recipe1,Shift 1,Shille,Dixit,3:20,107,0.06,3:21,0:0,100,0.05,3:40,99,0.03,3:42,100,0.68,4:10,114,6.56,4:21,210,14.88,7:15,212,3:42,7:14,03:32:00,0,0,0:0,0:0,0:0,00:00:00,203,0.12,7:20,0,0.0,0:0,00:00:00,0,0,0:0,0,0,0:0,0:0,00:00:00,114,0.17,8:18,0,0.0,0:0,00:26:00,0,0.0,0:0,,Other,,5,324,0:0
144,AC10,operator5_sl02@grpweb.com,2026-01-01 16:28:37.926,,BT-039968-0,BT- Recipe1,Shift 2,Gadagi,Dhasade,10:10,99,0.14,10:12,16:21,94,0.11,10:41,93,0.14,10:43,102,0.33,11:30,136,8.15,11:51,212,15.75,14:16,211,10:43,14:15,03:31:00,0,0,0:0,0:0,0:0,00:00:00,204,0.44,14:20,93,0.14,10:43,00:00:00,0,0,0:0,0,0,0:0,0:0,00:00:00,108,0.04,15:53,103,0.01,16:21,00:28:00,103,0.01,16:21,,Pirelli,,5,370,16:21
145,AC10,operator5_sl02@grpweb.com,2026-01-01 10:13:27.132,,BT-039966-0,BT- Recipe1,Shift 1,Shille,Dixit,4:55,0,0.0,0:0,0:0,0,0.0,0:0,0,0.0,0:0,89,0.1,5:27,150,7.86,6:12,201,7.45,8:24,163,0:0,8:22,03:27:00,0,0,0:0,0:0,0:0,00:00:00,197,0.72,8:29,0,0.0,0:0,00:00:00,0,0,0:0,0,0,0:0,0:0,00:00:00,105,0.11,9:29,96,0.09,0:0,00:37:00,96,0.09,0:0,,Other,,5,311,0:0
0,0,0,0,129,0,0,0,0,0,0,34,45.0,0,24,25,35.0,0,15,30.0,0,0,0.0,0,0,0.0,0,0,0.0,0,0,0,0,0,145,145,0,0,0,145,0,0.0,0,58,63.0,0,145,145,145,0,145,145,0,0,145,0,0.0,0,35,39.0,0,2,35,39.0,0,141,0,141,0,0,0
